EmpID,TerminationType,TerminationDescription
3427,Unk,
3428,Unk,
3429,Unk,
3430,Unk,
3431,Unk,
3432,Unk,
3433,Involuntary,Me see picture nature degree benefit.
3434,Involuntary,Blue community type skill story.
3435,Unk,
3436,Resignation,Summer personal bag.
3437,Unk,
3438,Retirement,Alone once than. More condition pay far.
3439,Involuntary,Foot in theory minute recognize test.
3440,Resignation,Degree wish science when thing week old.
3441,Unk,
3442,Retirement,Fear particular method stage.
3443,Voluntary,Wall body wonder successful.
3444,Voluntary,Visit foot nearly radio treatment.
3445,Unk,
3446,Unk,
3447,Involuntary,Unit pass office southern break one.
3448,Retirement,List class mind.
3449,Involuntary,Price third parent evening.
3450,Resignation,Cause military a sense. Doctor property may.
3451,Voluntary,Station another son positive.
3452,Unk,
3453,Unk,
3454,Unk,
3455,Resignation,Pm local take example fund. Small heavy listen.
3456,Unk,
3457,Unk,
3458,Voluntary,Several young whether that expert.
3459,Retirement,Science end approach democratic treatment.
3460,Unk,
3461,Resignation,Base scene central unit per argue. Might last of.
3462,Involuntary,Yourself book budget product.
3463,Retirement,Paper can score else investment.
3464,Involuntary,Stuff different color how.
3465,Unk,
3466,Retirement,Sign figure employee card education.
3467,Unk,
3468,Unk,
3469,Resignation,Right cut matter arrive difference.
3470,Retirement,Speak professor statement result.
3471,Unk,
3472,Unk,
3473,Unk,
3474,Unk,
3475,Resignation,Expert challenge education air none money wide.
3476,Voluntary,Buy become improve guess business know.
3477,Unk,
3478,Resignation,Read family dark scene scene guess.
3479,Involuntary,Somebody great could yet.
3480,Retirement,View vote contain within fight cup party war.
3481,Voluntary,Buy house certain wrong research chair.
3482,Resignation,Miss onto none our discussion year.
3483,Unk,
3484,Unk,
3485,Unk,
3486,Involuntary,Nature finish modern push former American.
3487,Unk,
3488,Unk,
3489,Unk,
3490,Unk,
3491,Unk,
3492,Unk,
3493,Unk,
3494,Unk,
3495,Retirement,Night company image able suggest.
3496,Unk,
3497,Unk,
3498,Voluntary,About allow article. For gas player magazine.
3499,Involuntary,Seem hand dog. Us six beyond place fund well.
3500,Voluntary,Game hour boy not write somebody owner.
3501,Retirement,Worker medical commercial participant tough leg.
3502,Unk,
3503,Unk,
3504,Unk,
3505,Unk,
3506,Voluntary,Fund nor half early miss follow.
3507,Retirement,Line later deal stand sometimes too mind.
3508,Unk,
3509,Unk,
3510,Unk,
3511,Resignation,Tell paper every.
3512,Voluntary,Why sport must page bad.
3513,Involuntary,Something sense information final building.
3514,Unk,
3515,Retirement,School see rest firm I.
3516,Retirement,Source doctor rock group this.
3517,Unk,
3518,Involuntary,Little imagine career he produce program.
3519,Resignation,Your very trip successful memory to while out.
3520,Involuntary,Red some option.
3521,Unk,
3522,Unk,
3523,Resignation,Theory grow future week house.
3524,Resignation,Inside week also so.
3525,Retirement,Surface vote old picture.
3526,Unk,
3527,Retirement,Especially thing recognize year fine shoulder.
3528,Unk,
3529,Voluntary,Camera spring color about energy provide claim.
3530,Unk,
3531,Unk,
3532,Unk,
3533,Voluntary,Pass language out side age evidence.
3534,Unk,
3535,Retirement,Popular west moment natural step activity.
3536,Unk,
3537,Retirement,Manager lead both sing.
3538,Resignation,And after why station much cell low.
3539,Unk,
3540,Retirement,American rule surface very figure.
3541,Involuntary,Read stand western white article campaign dog.
3542,Unk,
3543,Unk,
3544,Retirement,Political likely land country.
3545,Unk,
3546,Voluntary,Baby million million soldier.
3547,Unk,
3548,Resignation,Bit reveal forget the.
3549,Retirement,Fact southern recognize themselves type mean.
3550,Resignation,Will person decade Republican.
3551,Unk,
3552,Retirement,Stand possible truth bank on meet daughter.
3553,Unk,
3554,Unk,
3555,Resignation,Choose list of all nor stock.
3556,Retirement,Community material much behind.
3557,Unk,
3558,Unk,
3559,Retirement,Age approach seek person across yes care.
3560,Unk,
3561,Unk,
3562,Retirement,Whom summer common produce despite follow.
3563,Unk,
3564,Resignation,Week degree party available measure.
3565,Unk,
3566,Unk,
3567,Unk,
3568,Involuntary,Couple really very hear.
3569,Involuntary,Trial little must kitchen recently.
3570,Voluntary,Change instead determine share far leg ground.
3571,Resignation,Heavy throughout program.
3572,Retirement,Where first Mr remember crime.
3573,Involuntary,Cup purpose hundred region similar.
3574,Involuntary,News quite number answer program.
3575,Resignation,Big large training region.
3576,Voluntary,Reflect off growth mouth have.
3577,Unk,
3578,Unk,
3579,Unk,
3580,Unk,
3581,Voluntary,Memory high then mind concern carry level life.
3582,Retirement,Other might rise today.
3583,Retirement,Others those data before major how.
3584,Unk,
3585,Unk,
3586,Resignation,Identify next game leader.
3587,Resignation,Society red to able.
3588,Retirement,Everybody no four arrive major ten culture.
3589,Unk,
3590,Retirement,Country as dream project office.
3591,Voluntary,Quality decade director.
3592,Voluntary,Particular network available hospital.
3593,Unk,
3594,Unk,
3595,Resignation,Dark meeting play room head join truth involve.
3596,Unk,
3597,Retirement,Democrat themselves deal future early.
3598,Resignation,Majority executive plan imagine.
3599,Unk,
3600,Unk,
3601,Unk,
3602,Involuntary,Quality audience deal assume.
3603,Resignation,To trial deep.
3604,Resignation,Sometimes surface page stand area.
3605,Unk,
3606,Involuntary,Poor list reduce reality.
3607,Resignation,Finally build do analysis beyond heavy.
3608,Unk,
3609,Unk,
3610,Unk,
3611,Unk,
3612,Unk,
3613,Unk,
3614,Voluntary,Store common between real.
3615,Retirement,View ever record ahead.
3616,Unk,
3617,Unk,
3618,Unk,
3619,Involuntary,Some others lot miss land similar.
3620,Involuntary,Outside sing song relationship action teach.
3621,Unk,
3622,Resignation,Song remember visit finish edge difficult down.
3623,Unk,
3624,Unk,
3625,Resignation,Interesting final piece follow.
3626,Unk,
3627,Resignation,Sport enter think order determine.
3628,Unk,
3629,Voluntary,Expect grow back list letter.
3630,Unk,
3631,Retirement,Experience room top and including compare.
3632,Involuntary,Realize work series fact weight contain.
3633,Unk,
3634,Retirement,Despite budget compare international little.
3635,Unk,
3636,Unk,
3637,Unk,
3638,Unk,
3639,Retirement,Official growth onto speech after truth.
3640,Unk,
3641,Voluntary,Air act watch affect save positive among.
3642,Retirement,Cold dinner seat property a hear.
3643,Unk,
3644,Unk,
3645,Unk,
3646,Unk,
3647,Involuntary,Best room cell task majority budget.
3648,Unk,
3649,Unk,
3650,Retirement,Late least forward bill realize camera.
3651,Unk,
3652,Resignation,Window stuff western interesting.
3653,Voluntary,Particular same detail note.
3654,Unk,
3655,Unk,
3656,Unk,
3657,Unk,
3658,Involuntary,Once simple the decade.
3659,Voluntary,Second focus stay scientist.
3660,Unk,
3661,Involuntary,Decide group difference decide.
3662,Unk,
3663,Retirement,Bar serious exist pretty.
3664,Involuntary,Let political issue.
3665,Unk,
3666,Involuntary,Rule film know if eat hear.
3667,Resignation,Term southern major ever care.
3668,Voluntary,Rest such husband through his customer no look.
3669,Retirement,Let former service.
3670,Resignation,Far happy light already.
3671,Involuntary,Edge cold language. Once bring quality hot.
3672,Unk,
3673,Voluntary,My teach piece need school fight rock.
3674,Voluntary,Five carry couple goal western.
3675,Resignation,Herself others song center word almost without.
3676,Unk,
3677,Unk,
3678,Unk,
3679,Unk,
3680,Unk,
3681,Unk,
3682,Unk,
3683,Involuntary,Central baby moment benefit do.
3684,Involuntary,Scientist believe edge imagine push bit fast.
3685,Retirement,Factor doctor edge police.
3686,Retirement,Concern expect add skill.
3687,Unk,
3688,Involuntary,Matter man skill produce poor.
3689,Unk,
3690,Voluntary,Size manager receive decide attention play plant.
3691,Unk,
3692,Unk,
3693,Involuntary,Name social full approach. Position want win.
3694,Involuntary,Training civil attention exist matter water.
3695,Voluntary,Public ask American affect market order.
3696,Resignation,Arrive its during organization about.
3697,Unk,
3698,Involuntary,Usually section evening with cup left.
3699,Involuntary,Business draw with hear dream eat.
3700,Unk,
3701,Unk,
3702,Unk,
3703,Resignation,Tax herself interview maybe control.
3704,Involuntary,Message firm social daughter third ready.
3705,Involuntary,Any after despite suddenly decade.
3706,Unk,
3707,Unk,
3708,Resignation,Finally feeling often some.
3709,Voluntary,Provide late phone school score sound growth.
3710,Unk,
3711,Unk,
3712,Retirement,Year color woman become year scene very.
3713,Unk,
3714,Unk,
3715,Unk,
3716,Voluntary,Walk call activity onto seven about.
3717,Unk,
3718,Voluntary,Save east phone arrive floor maybe.
3719,Unk,
3720,Resignation,Young risk quality natural foreign claim.
3721,Resignation,Recent agent choose dark hard eye.
3722,Involuntary,Fast glass machine compare after check.
3723,Retirement,Everyone chair white situation result.
3724,Retirement,Board star job song. Hundred believe heavy.
3725,Voluntary,Child write help growth home.
3726,Voluntary,Great like sea behind stock drop debate such.
3727,Unk,
3728,Unk,
3729,Voluntary,Until reason late off training situation.
3730,Unk,
3731,Retirement,Along black change charge particular conference.
3732,Unk,
3733,Retirement,Half glass sport. Oil arm middle play lose such.
3734,Unk,
3735,Unk,
3736,Resignation,Democrat home space past sense serious.
3737,Unk,
3738,Involuntary,Partner perhaps they rock.
3739,Voluntary,Themselves specific seem want seek hospital.
3740,Voluntary,Final like human late job.
3741,Voluntary,Board industry once tough investment age.
3742,Resignation,Wait small thing staff.
3743,Unk,
3744,Unk,
3745,Involuntary,So give cause soldier.
3746,Unk,
3747,Retirement,Soon glass reveal Republican could.
3748,Unk,
3749,Unk,
3750,Unk,
3751,Unk,
3752,Unk,
3753,Involuntary,Truth resource more week hope generation.
3754,Voluntary,Stage necessary although they.
3755,Resignation,Scientist heart others employee church century.
3756,Unk,
3757,Involuntary,Marriage sound myself others well morning wrong.
3758,Retirement,Lawyer miss meet across agent.
3759,Retirement,Authority different including gun production.
3760,Unk,
3761,Involuntary,Item born upon blue.
3762,Unk,
3763,Involuntary,They four last represent spend bit.
3764,Unk,
3765,Unk,
3766,Resignation,Common no sure wonder up although.
3767,Retirement,Actually on Democrat down live base should.
3768,Unk,
3769,Unk,
3770,Involuntary,Land physical tax.
3771,Retirement,Catch issue water night recognize mention.
3772,Retirement,Side most force better region operation language.
3773,Retirement,Building possible too process do.
3774,Involuntary,Success realize political move adult new.
3775,Resignation,Agency picture enjoy pattern since and piece.
3776,Resignation,Goal someone serious myself way probably.
3777,Unk,
3778,Involuntary,Similar computer less four.
3779,Voluntary,About allow court us.
3780,Retirement,Everything look could economy PM fast.
3781,Involuntary,Hot stay response fly himself accept.
3782,Retirement,Blood people direction all item.
3783,Unk,
3784,Unk,
3785,Unk,
3786,Resignation,Cost high must body defense population.
3787,Resignation,Peace anything sign third.
3788,Involuntary,In read day your stay she.
3789,Unk,
3790,Resignation,Simply Mrs moment seven feel time.
3791,Unk,
3792,Retirement,Analysis listen here fight.
3793,Unk,
3794,Unk,
3795,Unk,
3796,Resignation,Better above culture throughout life me.
3797,Unk,
3798,Voluntary,Town impact science learn break talk.
3799,Unk,
3800,Unk,
3801,Unk,
3802,Unk,
3803,Resignation,Cup arm drug place level table staff.
3804,Unk,
3805,Unk,
3806,Resignation,Everybody list to. Green best stock yes happen.
3807,Resignation,Family identify bar modern. Yeah article rest.
3808,Resignation,Address control day. Election safe free capital.
3809,Resignation,Somebody arm memory pull word.
3810,Unk,
3811,Involuntary,Back prove second tax air.
3812,Resignation,Center west table security.
3813,Unk,
3814,Retirement,Short quality fall name get science throughout.
3815,Unk,
3816,Unk,
3817,Resignation,Firm national vote result.
3818,Voluntary,Car book street pull try brother.
3819,Unk,
3820,Voluntary,Pattern son memory power citizen personal unit.
3821,Unk,
3822,Retirement,Nice sit hotel doctor.
3823,Involuntary,Word once speech mind.
3824,Unk,
3825,Unk,
3826,Resignation,Part officer father last trouble field.
3827,Unk,
3828,Unk,
3829,Resignation,Suffer rock nothing happen strong major spend.
3830,Unk,
3831,Unk,
3832,Resignation,Lead throw others.
3833,Retirement,Partner discover size agency alone.
3834,Involuntary,Participant candidate wonder growth agree.
3835,Resignation,Try crime reach magazine their grow feeling.
3836,Unk,
3837,Resignation,Often my different just.
3838,Voluntary,Race state time lose.
3839,Unk,
3840,Voluntary,Item type author pick set read style.
3841,Unk,
3842,Involuntary,Visit lawyer interesting.
3843,Resignation,Place field everyone yourself.
3844,Voluntary,Church happen network dog kid thought.
3845,Unk,
3846,Retirement,Fall often enjoy once house card something.
3847,Retirement,Indeed compare I since possible something.
3848,Unk,
3849,Unk,
3850,Voluntary,Gas likely father read individual fly serve.
3851,Resignation,Law particularly paper friend.
3852,Retirement,Modern fight pattern.
3853,Resignation,Rule yes maintain treatment.
3854,Retirement,Area card test push day effect.
3855,Retirement,Case try necessary test. Full today TV bit year.
3856,Involuntary,Stand cut knowledge staff course than class.
3857,Voluntary,Forget budget now window.
3858,Unk,
3859,Voluntary,Conference feeling notice military.
3860,Resignation,A matter seven second professor.
3861,Unk,
3862,Involuntary,Contain result down realize employee image in.
3863,Unk,
3864,Resignation,Sort blue time total.
3865,Involuntary,Me husband about special within.
3866,Retirement,First bed red in.
3867,Unk,
3868,Unk,
3869,Voluntary,Investment radio bring who. Big move rise return.
3870,Resignation,Capital economy while notice this nice.
3871,Unk,
3872,Resignation,Four yourself strong give focus meeting.
3873,Resignation,Up reason question past attention.
3874,Unk,
3875,Unk,
3876,Unk,
3877,Resignation,Increase town serious care support key heavy.
3878,Voluntary,Hot star town often onto although cultural.
3879,Involuntary,Say rate glass natural study pattern.
3880,Voluntary,Offer kitchen foreign role.
3881,Unk,
3882,Unk,
3883,Involuntary,Here employee minute officer southern.
3884,Unk,
3885,Unk,
3886,Unk,
3887,Retirement,Fact item service few contain less available.
3888,Retirement,Too within that room.
3889,Resignation,With affect give water contain lose subject wide.
3890,Resignation,Card around respond current seem along.
3891,Unk,
3892,Unk,
3893,Involuntary,Series remember American lawyer probably be.
3894,Unk,
3895,Retirement,Right hold rule similar yeah later floor.
3896,Involuntary,Meeting wind concern action. Scene western serve.
3897,Retirement,All machine best age ask court.
3898,Retirement,Cut during return could hit view born present.
3899,Resignation,Issue teacher page true relate. Fight out learn.
3900,Unk,
3901,Unk,
3902,Resignation,Deep certainly boy record.
3903,Unk,
3904,Unk,
3905,Involuntary,Brother reduce since no during.
3906,Unk,
3907,Unk,
3908,Resignation,Reduce center top without.
3909,Resignation,Expect maintain knowledge thus.
3910,Voluntary,Concern morning while.
3911,Unk,
3912,Involuntary,Reach music five away. Too fish sure be.
3913,Resignation,Management so author training floor stage could.
3914,Resignation,Whole shake score look.
3915,Unk,
3916,Unk,
3917,Retirement,Might control article admit may water.
3918,Voluntary,Road he court. Officer blood couple.
3919,Unk,
3920,Involuntary,Sit parent popular even travel level who.
3921,Retirement,Form law draw east through particularly.
3922,Unk,
3923,Involuntary,Mouth activity price take take rather.
3924,Unk,
3925,Resignation,Environment Democrat personal design now.
3926,Unk,
3927,Involuntary,Four American something smile.
3928,Resignation,Red say check wish car food between member.
3929,Resignation,Whom part moment eye. Off wear be hold listen.
3930,Unk,
3931,Unk,
3932,Unk,
3933,Unk,
3934,Involuntary,Development operation wrong law room.
3935,Unk,
3936,Involuntary,Manage brother himself deal.
3937,Unk,
3938,Unk,
3939,Unk,
3940,Unk,
3941,Unk,
3942,Resignation,Begin mind time similar night travel.
3943,Resignation,Choose system picture one party decision.
3944,Unk,
3945,Unk,
3946,Unk,
3947,Resignation,Door hear include off.
3948,Involuntary,Discuss budget Mrs line whom television.
3949,Voluntary,City week discussion success month push.
3950,Unk,
3951,Resignation,Model candidate worker writer.
3952,Unk,
3953,Unk,
3954,Unk,
3955,Resignation,Detail positive wall bag project travel.
3956,Retirement,Billion same enter green imagine mouth country.
3957,Unk,
3958,Unk,
3959,Resignation,Threat high fine everyone out.
3960,Unk,
3961,Unk,
3962,Unk,
3963,Unk,
3964,Involuntary,Soon agency begin song.
3965,Unk,
3966,Voluntary,Tree six high notice after news.
3967,Involuntary,Today policy same expert close drive drug.
3968,Unk,
3969,Unk,
3970,Voluntary,Push reflect pay similar movement others morning.
3971,Unk,
3972,Unk,
3973,Resignation,Professor now audience lay box.
3974,Involuntary,Way appear summer strong.
3975,Voluntary,Doctor good process certainly successful ask.
3976,Unk,
3977,Unk,
3978,Unk,
3979,Resignation,Front car keep.
3980,Unk,
3981,Resignation,In throw short war process series ground.
3982,Unk,
3983,Unk,
3984,Retirement,If require particularly civil.
3985,Resignation,Network dinner again position three.
3986,Unk,
3987,Retirement,Appear happen list.
3988,Voluntary,Successful center consider.
3989,Unk,
3990,Involuntary,Follow hit perform arm.
3991,Unk,
3992,Voluntary,Teach left short key over.
3993,Unk,
3994,Unk,
3995,Resignation,Or break sea say owner. Often guy local.
3996,Unk,
3997,Unk,
3998,Resignation,Performance reflect military enter color.
3999,Involuntary,Ball when check interview score manager.
4000,Involuntary,Stop air whole generation adult song.
1001,Unk,
1002,Involuntary,Behind buy our of very claim.
1003,Voluntary,Some make teach quite range seem conference.
1004,Involuntary,Enter beautiful social store.
1005,Unk,
1006,Resignation,Throughout yet in serious here wish.
1007,Involuntary,Recently however meeting economic.
1008,Voluntary,Instead story skill financial who.
1009,Retirement,Exactly vote including easy.
1010,Voluntary,West note present Mr woman family.
1011,Resignation,Professor situation they bag interest there.
1012,Involuntary,Get apply economy artist right benefit ground.
1013,Unk,
1014,Retirement,I back place no three offer economic.
1015,Unk,
1016,Involuntary,Friend agree stock teach price fish.
1017,Involuntary,True system strong often experience.
1018,Involuntary,When price group admit fall fly around.
1019,Retirement,Article tough away forward home. Night author so.
1020,Resignation,Man issue never strategy will maintain resource.
1021,Resignation,Section hospital clearly season history.
1022,Unk,
1023,Voluntary,Each wish foot person morning per significant.
1024,Involuntary,Free may every real agency as blue maintain.
1025,Retirement,Quite none ten order.
1026,Resignation,Where forward evening huge cost share eat.
1027,Voluntary,Open test message part risk.
1028,Resignation,Federal less every character section think white.
1029,Unk,
1030,Unk,
1031,Unk,
1032,Voluntary,Off part culture choose strong public.
1033,Unk,
1034,Unk,
1035,Unk,
1036,Resignation,Teacher door money tend song.
1037,Voluntary,Accept knowledge drop bar understand.
1038,Unk,
1039,Involuntary,Under follow guess lot minute able history face.
1040,Retirement,Main customer television phone staff family.
1041,Retirement,Suffer consider store find up.
1042,Unk,
1043,Resignation,Agreement particular scene also war who.
1044,Unk,
1045,Involuntary,Artist technology ever body provide today doctor.
1046,Involuntary,Former treat check special economy.
1047,Unk,
1048,Unk,
1049,Involuntary,Plan capital firm foreign.
1050,Unk,
1051,Involuntary,Her office place.
1052,Voluntary,Plant enjoy these drive themselves never hit PM.
1053,Resignation,Wind commercial in ahead will realize.
1054,Unk,
1055,Unk,
1056,Unk,
1057,Unk,
1058,Unk,
1059,Unk,
1060,Voluntary,Improve center sure Mr respond for recent.
1061,Unk,
1062,Involuntary,Rise activity learn step power simple sure.
1063,Unk,
1064,Retirement,North help rock stage someone book.
1065,Unk,
1066,Voluntary,Face garden central since several food.
1067,Unk,
1068,Unk,
1069,Resignation,Really full stand face explain would keep energy.
1070,Resignation,Or add data indicate account father early these.
1071,Involuntary,Guy ten dream. Thing he care series.
1072,Unk,
1073,Unk,
1074,Voluntary,Professional usually hospital worker among.
1075,Involuntary,Health American identify meeting.
1076,Retirement,Gun bill spend anyone.
1077,Unk,
1078,Voluntary,Crime west best industry right alone begin.
1079,Resignation,Story knowledge policy. Board tax treatment.
1080,Unk,
1081,Involuntary,Imagine plant southern sound reduce.
1082,Retirement,Resource top fear shake green view great which.
1083,Unk,
1084,Unk,
1085,Unk,
1086,Voluntary,Thousand both simple network let.
1087,Voluntary,Party explain perhaps.
1088,Resignation,Specific fire rate fly clearly.
1089,Involuntary,Your plant win seem hair him career style.
1090,Unk,
1091,Involuntary,Fine use card current agent.
1092,Unk,
1093,Unk,
1094,Unk,
1095,Unk,
1096,Voluntary,Issue loss day provide everyone white.
1097,Involuntary,Blue star hospital work.
1098,Involuntary,Meet fight night. Image room nation.
1099,Retirement,Person say might throw war scientist.
1100,Unk,
1101,Unk,
1102,Unk,
1103,Involuntary,Garden sit drive assume large seat.
1104,Unk,
1105,Voluntary,Others suggest generation budget large west real.
1106,Unk,
1107,Unk,
1108,Unk,
1109,Retirement,Large although outside technology office.
1110,Unk,
1111,Retirement,Gun fly subject those. Must member financial.
1112,Unk,
1113,Unk,
1114,Unk,
1115,Unk,
1116,Voluntary,Maintain program process present knowledge PM.
1117,Resignation,Place impact which although.
1118,Retirement,Power picture early anyone.
1119,Involuntary,City mouth training radio Mrs.
1120,Unk,
1121,Unk,
1122,Retirement,Food ball huge out simply according.
1123,Unk,
1124,Involuntary,Strategy fear tough wife here now.
1125,Unk,
1126,Retirement,Feeling usually west peace money political the.
1127,Unk,
1128,Unk,
1129,Resignation,Mission media writer cell.
1130,Unk,
1131,Unk,
1132,Involuntary,Note claim hundred central bad.
1133,Voluntary,Field year certainly data sense table yes.
1134,Retirement,For majority down.
1135,Unk,
1136,Unk,
1137,Unk,
1138,Involuntary,It stay center free vote.
1139,Involuntary,Most could result else think this window.
1140,Unk,
1141,Unk,
1142,Unk,
1143,Resignation,Year total care thousand what each.
1144,Unk,
1145,Unk,
1146,Unk,
1147,Involuntary,By small force myself team industry.
1148,Unk,
1149,Unk,
1150,Unk,
1151,Unk,
1152,Unk,
1153,Resignation,Ok though floor sense want future.
1154,Retirement,Leader above room hand collection imagine.
1155,Resignation,Provide machine statement now.
1156,Voluntary,Science available hard.
1157,Unk,
1158,Resignation,Himself final success these or card strategy.
1159,Unk,
1160,Retirement,Help economic analysis campaign young leg.
1161,Unk,
1162,Resignation,For law simple design entire while.
1163,Unk,
1164,Unk,
1165,Unk,
1166,Unk,
1167,Unk,
1168,Unk,
1169,Unk,
1170,Unk,
1171,Unk,
1172,Voluntary,Truth game down which.
1173,Resignation,Sure trip sound action.
1174,Resignation,Treatment power card almost pretty sister.
1175,Voluntary,Reduce subject positive war score interesting.
1176,Unk,
1177,Unk,
1178,Involuntary,Occur air as along approach.
1179,Unk,
1180,Unk,
1181,Unk,
1182,Voluntary,Here best worry rich might about yourself.
1183,Unk,
1184,Involuntary,New out peace director fish.
1185,Unk,
1186,Unk,
1187,Unk,
1188,Retirement,Direction west appear son school anything.
1189,Involuntary,Somebody pass again say cultural.
1190,Resignation,Table day sit wish attention marriage cause.
1191,Unk,
1192,Unk,
1193,Involuntary,Onto focus address treat before ability.
1194,Resignation,Tonight answer benefit second commercial law.
1195,Retirement,Window management move.
1196,Unk,
1197,Unk,
1198,Unk,
1199,Unk,
1200,Unk,
1201,Voluntary,Information race relate rich poor already make.
1202,Voluntary,Tough that inside relate hundred leave.
1203,Unk,
1204,Voluntary,Attention summer we. Suffer impact imagine we.
1205,Unk,
1206,Voluntary,Various step without couple within at gun.
1207,Unk,
1208,Retirement,Decision example see low someone. Ball week that.
1209,Unk,
1210,Involuntary,Carry parent fight style series challenge.
1211,Voluntary,Community probably bad day food place which loss.
1212,Voluntary,Start debate hot fact keep return.
1213,Unk,
1214,Unk,
1215,Unk,
1216,Voluntary,Rock stage better east bad view.
1217,Voluntary,First choose again themselves thing however.
1218,Unk,
1219,Voluntary,Develop think capital player campaign prepare.
1220,Voluntary,Center positive their garden industry.
1221,Involuntary,Deep sea improve miss they nearly measure.
1222,Involuntary,Improve sea attention baby local ahead.
1223,Unk,
1224,Retirement,Recently business give.
1225,Unk,
1226,Unk,
1227,Voluntary,Relate size according two board.
1228,Unk,
1229,Unk,
1230,Unk,
1231,Unk,
1232,Unk,
1233,Unk,
1234,Involuntary,Learn whatever million.
1235,Unk,
1236,Retirement,Source join scientist personal when each.
1237,Resignation,Practice cover bar reason expect.
1238,Voluntary,My live interesting street purpose early.
1239,Voluntary,Guy know tend get best film hold.
1240,Unk,
1241,Retirement,Fear night field child yard structure.
1242,Unk,
1243,Unk,
1244,Unk,
1245,Unk,
1246,Resignation,Control store point.
1247,Unk,
1248,Resignation,Suddenly free computer last spend.
1249,Retirement,Seek TV finally impact really build.
1250,Unk,
1251,Unk,
1252,Voluntary,Dinner skill guess key building.
1253,Retirement,Necessary account office.
1254,Unk,
1255,Resignation,Shoulder then shake.
1256,Unk,
1257,Unk,
1258,Unk,
1259,Retirement,Section effort four increase.
1260,Unk,
1261,Unk,
1262,Retirement,Her relationship national win raise American.
1263,Unk,
1264,Unk,
1265,Retirement,Page year stock own popular health.
1266,Involuntary,Form song garden right newspaper.
1267,Voluntary,Better five blue particularly a media firm.
1268,Unk,
1269,Unk,
1270,Voluntary,When approach anyone hold along.
1271,Unk,
1272,Involuntary,National detail star recently.
1273,Retirement,Treat role defense or common service network.
1274,Unk,
1275,Unk,
1276,Unk,
1277,Unk,
1278,Unk,
1279,Resignation,Mrs technology behavior fear.
1280,Unk,
1281,Retirement,Tree cause agency reduce fine air.
1282,Involuntary,All guy thus card fill walk.
1283,Unk,
1284,Unk,
1285,Unk,
1286,Voluntary,Never few away level attack buy.
1287,Retirement,American quickly treatment.
1288,Voluntary,Skill shoulder bag suffer.
1289,Unk,
1290,Unk,
1291,Voluntary,Finally provide various but.
1292,Unk,
1293,Voluntary,Line with read most.
1294,Voluntary,Choose thousand know often size company.
1295,Unk,
1296,Involuntary,Employee product meeting who kind.
1297,Resignation,Suffer phone son property money.
1298,Unk,
1299,Unk,
1300,Unk,
1301,Retirement,Space long most area product drug tree.
1302,Voluntary,Study way front fly member.
1303,Unk,
1304,Unk,
1305,Resignation,Fact soldier film yet president example car.
1306,Unk,
1307,Voluntary,Thus whether read kitchen itself.
1308,Retirement,Bar offer throughout different body quite.
1309,Unk,
1310,Voluntary,Again kind talk lead.
1311,Resignation,Hold parent PM claim star seek.
1312,Unk,
1313,Unk,
1314,Retirement,Nation local peace nation blue official six.
1315,Unk,
1316,Involuntary,Upon writer black.
1317,Involuntary,Everything discover represent full.
1318,Retirement,Effort off over always. Form house mean treat.
1319,Involuntary,Value class especially.
1320,Unk,
1321,Involuntary,Actually scene law break four summer ability.
1322,Resignation,Public evidence bag trouble interesting.
1323,Unk,
1324,Unk,
1325,Unk,
1326,Retirement,Alone need gun surface. Bar involve wait often.
1327,Unk,
1328,Voluntary,Draw interest over. Vote late marriage kind.
1329,Resignation,Finish join stage start page your seem.
1330,Retirement,Figure yard develop TV enjoy late standard.
1331,Unk,
1332,Unk,
1333,Unk,
1334,Retirement,Authority our technology administration section.
1335,Unk,
1336,Retirement,Author often return hold compare natural.
1337,Resignation,Wonder specific own others card. See else drop.
1338,Unk,
1339,Retirement,Though upon remember later.
1340,Retirement,My himself avoid traditional simply wait.
1341,Unk,
1342,Retirement,Win paper unit drug nearly card.
1343,Voluntary,Effort situation use necessary.
1344,Unk,
1345,Unk,
1346,Retirement,Today situation minute figure friend opportunity.
1347,Retirement,Guess fight various decade second pattern.
1348,Involuntary,They behind war evening. Particular film war yes.
1349,Retirement,Behind bar item management.
1350,Unk,
1351,Unk,
1352,Voluntary,Series significant out.
1353,Involuntary,Will message south game.
1354,Involuntary,Wear happen goal choice must.
1355,Resignation,Common paper smile way career capital.
1356,Voluntary,List remember benefit memory also deal people.
1357,Retirement,Fast whether mouth physical.
1358,Retirement,Involve study commercial billion and.
1359,Unk,
1360,Unk,
1361,Voluntary,Second scene guy age alone sing year pick.
1362,Retirement,Rock entire unit amount hope seem hotel.
1363,Unk,
1364,Voluntary,Create although card she best and music.
1365,Unk,
1366,Voluntary,Just information assume act possible work later.
1367,Unk,
1368,Unk,
1369,Unk,
1370,Unk,
1371,Involuntary,Tax thousand few tonight seek.
1372,Unk,
1373,Resignation,Account Republican reduce right.
1374,Unk,
1375,Unk,
1376,Retirement,Example field consider before old yes on since.
1377,Resignation,Current budget certain interview increase.
1378,Unk,
1379,Unk,
1380,Unk,
1381,Unk,
1382,Unk,
1383,Resignation,Affect bar himself mention serious.
1384,Resignation,Thousand every job spring more store.
1385,Unk,
1386,Involuntary,Realize view write beautiful.
1387,Voluntary,Training run sport prevent toward yet.
1388,Resignation,Approach better little check.
1389,Unk,
1390,Unk,
1391,Unk,
1392,Involuntary,Because wind like.
1393,Voluntary,On beyond process before event.
1394,Unk,
1395,Resignation,Father change close.
1396,Resignation,Vote look produce consider Mr war.
1397,Voluntary,Science fall always move thank seat huge.
1398,Involuntary,Mr chair subject then technology.
1399,Unk,
1400,Resignation,Ability bed police onto exactly south.
1401,Unk,
1402,Unk,
1403,Unk,
1404,Involuntary,Third cost above management anything.
1405,Involuntary,President TV note reach bad.
1406,Unk,
1407,Unk,
1408,Unk,
1409,Retirement,On sport growth now general.
1410,Resignation,Else behind none grow up significant behavior.
1411,Unk,
1412,Unk,
1413,Retirement,Daughter case most. Even most man even.
1414,Involuntary,Else skin force security brother experience.
1415,Unk,
1416,Unk,
1417,Unk,
1418,Unk,
1419,Unk,
1420,Unk,
1421,Involuntary,Message eat guy pattern score suffer.
1422,Involuntary,Buy ability certain question begin mind.
1423,Unk,
1424,Voluntary,Sound there everybody anything.
1425,Unk,
1426,Retirement,Hold season meeting voice.
1427,Unk,
1428,Unk,
1429,Resignation,History avoid music new teach south only require.
1430,Involuntary,Hour range a country focus.
1431,Unk,
1432,Unk,
1433,Voluntary,Tree network those success nature control.
1434,Voluntary,Brother work amount rock newspaper.
1435,Unk,
1436,Unk,
1437,Unk,
1438,Voluntary,Order risk think. North born would might.
1439,Voluntary,Establish go so someone might none stop citizen.
1440,Unk,
1441,Voluntary,Show home than data her. Act speak also best.
1442,Unk,
1443,Unk,
1444,Unk,
1445,Voluntary,Party make program beat.
1446,Involuntary,Be room ready hotel drug pressure.
1447,Resignation,Far special physical including shoulder among.
1448,Unk,
1449,Unk,
1450,Retirement,Dog hot civil democratic tree public.
1451,Unk,
1452,Unk,
1453,Unk,
1454,Voluntary,How civil act war dinner even campaign language.
1455,Unk,
1456,Resignation,Amount much food.
1457,Unk,
1458,Unk,
1459,Unk,
1460,Retirement,Deal strong chance cold.
1461,Retirement,Drive feel its former end allow.
1462,Unk,
1463,Unk,
1464,Unk,
1465,Retirement,Big evening develop our peace how reality place.
1466,Unk,
1467,Unk,
1468,Unk,
1469,Unk,
1470,Unk,
1471,Retirement,Explain happen heavy wall hot year ability.
1472,Unk,
1473,Unk,
1474,Voluntary,Then sing son.
1475,Resignation,Teacher style heart so. Answer Mr that.
1476,Voluntary,Value health model day production identify.
1477,Retirement,Great relate within you. Red bill unit school.
1478,Voluntary,Expert skill prove book wear half though.
1479,Unk,
1480,Unk,
1481,Unk,
1482,Unk,
1483,Retirement,A discussion quite mission.
1484,Unk,
1485,Involuntary,Top ability sit onto so.
1486,Unk,
1487,Involuntary,Once type here really.
1488,Retirement,Speak others again behavior network quite none.
1489,Unk,
1490,Unk,
1491,Unk,
1492,Unk,
1493,Unk,
1494,Retirement,Thing join brother throughout.
1495,Unk,
1496,Retirement,Positive far win six might.
1497,Unk,
1498,Retirement,Will raise compare realize evidence most product.
1499,Resignation,Win late significant throughout add.
1500,Unk,
1501,Retirement,Surface mother in into pick middle too.
1502,Retirement,Subject improve what get care test development.
1503,Retirement,Remember teacher produce use voice.
1504,Resignation,Health section option interview.
1505,Unk,
1506,Retirement,Likely former outside free short occur.
1507,Unk,
1508,Unk,
1509,Unk,
1510,Unk,
1511,Retirement,Spring sell become contain wear against design.
1512,Involuntary,Politics discover throw commercial economic.
1513,Unk,
1514,Unk,
1515,Unk,
1516,Unk,
1517,Involuntary,From through each buy.
1518,Retirement,Message senior woman care huge.
1519,Voluntary,Behind beautiful station court Mrs.
1520,Involuntary,Onto fall east employee record.
1521,Voluntary,Material agency modern degree general.
1522,Unk,
1523,Involuntary,Key because while father.
1524,Unk,
1525,Involuntary,System less wrong.
1526,Unk,
1527,Voluntary,Career unit oil always without bag its.
1528,Unk,
1529,Unk,
1530,Unk,
1531,Voluntary,Authority PM house child cost risk.
1532,Retirement,Most receive serve way recent up with.
1533,Resignation,Civil scientist green table.
1534,Unk,
1535,Unk,
1536,Unk,
1537,Unk,
1538,Unk,
1539,Voluntary,Treatment become trade enough improve.
1540,Unk,
1541,Unk,
1542,Unk,
1543,Involuntary,Daughter know consider.
1544,Retirement,Night office challenge several many.
1545,Unk,
1546,Voluntary,Week force explain of determine consumer.
1547,Retirement,Have event interest simply million onto.
1548,Unk,
1549,Unk,
1550,Retirement,Name maybe wear yet.
1551,Resignation,Product high partner area piece.
1552,Voluntary,Loss beyond low begin end husband.
1553,Unk,
1554,Voluntary,However many movie effort.
1555,Unk,
1556,Unk,
1557,Voluntary,Else student few send bag threat.
1558,Unk,
1559,Involuntary,Account national draw skin dream here how mind.
1560,Retirement,Sea people east bar indicate garden along.
1561,Unk,
1562,Involuntary,Firm music future may most.
1563,Resignation,Dinner level write land effort.
1564,Resignation,Cell indicate keep thus.
1565,Voluntary,Research if officer land.
1566,Retirement,Ball social thought so probably get.
1567,Involuntary,Administration away choose.
1568,Unk,
1569,Unk,
1570,Retirement,Perhaps market reduce. Type find close.
1571,Unk,
1572,Resignation,Simple over long.
1573,Unk,
1574,Voluntary,Think consider reach enjoy deep son good.
1575,Involuntary,Wonder worry life stand.
1576,Resignation,Card subject carry gas picture.
1577,Unk,
1578,Retirement,Guy act during two. Film suggest either.
1579,Unk,
1580,Unk,
1581,Voluntary,Left call artist tonight movement history happen.
1582,Resignation,Five national writer try mean training instead.
1583,Involuntary,Wall despite trial assume.
1584,Unk,
1585,Retirement,Let trade loss cell political.
1586,Unk,
1587,Unk,
1588,Unk,
1589,Involuntary,Small together man show.
1590,Unk,
1591,Voluntary,Several clear purpose scientist.
1592,Retirement,Base source sort contain sport.
1593,Unk,
1594,Unk,
1595,Unk,
1596,Voluntary,Follow tax above large president high.
1597,Voluntary,Few as next east face window fight admit.
1598,Resignation,Treatment food too ten fill.
1599,Resignation,Late hand figure just price blood.
1600,Unk,
1601,Resignation,Participant create society method tough team.
1602,Voluntary,Event increase laugh same whatever.
1603,Unk,
1604,Unk,
1605,Resignation,West hold these man affect heavy from myself.
1606,Unk,
1607,Unk,
1608,Unk,
1609,Retirement,Fight look song material year happen.
1610,Involuntary,Option action around live school rich spend.
1611,Voluntary,Over almost sport stay.
1612,Retirement,Foreign truth concern break ground.
1613,Voluntary,Real public realize evening building middle.
1614,Unk,
1615,Unk,
1616,Unk,
1617,Unk,
1618,Unk,
1619,Retirement,Letter happen cut.
1620,Unk,
1621,Involuntary,That commercial east message peace.
1622,Retirement,Television represent skill police.
1623,Voluntary,Stage pay south word speak.
1624,Resignation,Call certain industry out believe show.
1625,Unk,
1626,Resignation,To national third with give law live.
1627,Unk,
1628,Retirement,Evidence but adult coach claim minute simple.
1629,Voluntary,Prevent sing be member democratic.
1630,Involuntary,Avoid no beat from interesting.
1631,Voluntary,President site student thank community.
1632,Unk,
1633,Involuntary,Establish hotel up value property.
1634,Voluntary,Partner decide help quite whether market.
1635,Retirement,Upon south nice five reduce lose.
1636,Involuntary,Four look heavy by much.
1637,Resignation,Rather which writer family.
1638,Involuntary,Suggest point then however matter close her.
1639,Resignation,Prevent entire business ask meeting contain tree.
1640,Voluntary,Item many international assume almost whole.
1641,Voluntary,Shake war over young like anything order.
1642,Retirement,Nature here wrong why.
1643,Involuntary,Player when almost cultural.
1644,Voluntary,Away painting appear six live radio.
1645,Resignation,Be choice ever concern.
1646,Voluntary,Fight beautiful describe personal.
1647,Involuntary,Book fill person size institution number attack.
1648,Unk,
1649,Unk,
1650,Resignation,Past stand forget offer serious never.
1651,Involuntary,Offer hundred defense street draw glass thank.
1652,Resignation,Environment campaign left bar.
1653,Involuntary,Within amount each onto hair. Single hope threat.
1654,Resignation,Should three accept interesting these.
1655,Unk,
1656,Unk,
1657,Unk,
1658,Unk,
1659,Involuntary,North rise until plan join.
1660,Retirement,Tax five question.
1661,Unk,
1662,Unk,
1663,Retirement,Economic its member focus growth.
1664,Unk,
1665,Unk,
1666,Unk,
1667,Unk,
1668,Unk,
1669,Unk,
1670,Unk,
1671,Involuntary,Position face whose and cut consider wide.
1672,Unk,
1673,Unk,
1674,Involuntary,Tax reduce by firm.
1675,Resignation,Simply class career vote.
1676,Unk,
1677,Unk,
1678,Resignation,Republican threat song to rock.
1679,Voluntary,Hope notice white husband turn manage.
1680,Involuntary,Soon prove offer couple word science.
1681,Retirement,I western water easy practice dinner none.
1682,Unk,
1683,Voluntary,Heart lose care sort deal.
1684,Involuntary,Not budget never social yourself agreement.
1685,Retirement,Action whatever school machine fear.
1686,Retirement,Scientist become a become value cell policy.
1687,Unk,
1688,Voluntary,Together among marriage center evidence sure.
1689,Retirement,Benefit available decade.
1690,Voluntary,Alone education career how difficult worry.
1691,Unk,
1692,Voluntary,Hundred nor last.
1693,Unk,
1694,Resignation,Make company education fish.
1695,Voluntary,Product key its something. Yourself pay anyone.
1696,Unk,
1697,Retirement,Soon color sit call certainly.
1698,Resignation,This cost difficult. Time meet should.
1699,Voluntary,Picture recently military describe.
1700,Unk,
1701,Involuntary,Former huge figure enjoy all detail.
1702,Unk,
1703,Unk,
1704,Unk,
1705,Unk,
1706,Involuntary,Happen ability as term fish.
1707,Voluntary,Fly see experience age Republican.
1708,Involuntary,With turn maybe herself trouble.
1709,Involuntary,Plant opportunity thank style.
1710,Resignation,Threat day deep final personal alone picture.
1711,Voluntary,Wrong how fund front foreign.
1712,Unk,
1713,Unk,
1714,Unk,
1715,Involuntary,Learn will marriage interesting note the success.
1716,Involuntary,Can conference couple similar anything.
1717,Retirement,Customer front detail bed say suddenly here.
1718,Involuntary,Someone situation else. Big statement else gas.
1719,Unk,
1720,Unk,
1721,Retirement,Story get campaign affect at rule start.
1722,Unk,
1723,Retirement,Say operation national race.
1724,Retirement,Their because nice party.
1725,Unk,
1726,Unk,
1727,Involuntary,Candidate fact event level several onto store.
1728,Unk,
1729,Voluntary,Question kitchen gun find four wall heavy.
1730,Unk,
1731,Retirement,Artist organization great heart.
1732,Voluntary,North position film eight. Movement dark turn.
1733,Resignation,Head where have ground scene.
1734,Unk,
1735,Resignation,Along senior personal nature help crime.
1736,Involuntary,Law difference five away.
1737,Unk,
1738,Involuntary,Rich together bad his agent blue.
1739,Involuntary,Large relate work treatment Mrs.
1740,Voluntary,This win treat they kid simple.
1741,Unk,
1742,Unk,
1743,Unk,
1744,Unk,
1745,Unk,
1746,Voluntary,Them security hit decide.
1747,Resignation,Too former relationship risk.
1748,Retirement,Listen cover book.
1749,Unk,
1750,Unk,
1751,Unk,
1752,Resignation,Person identify music conference.
1753,Resignation,Available no skill newspaper herself.
1754,Unk,
1755,Unk,
1756,Unk,
1757,Unk,
1758,Unk,
1759,Retirement,Benefit turn that with well may former if.
1760,Voluntary,Simply game everyone despite line.
1761,Voluntary,Ahead onto current situation speech while.
1762,Voluntary,Myself produce sit outside after.
1763,Unk,
1764,Unk,
1765,Unk,
1766,Resignation,Reflect important account keep eye accept.
1767,Retirement,Maintain material discover discover.
1768,Voluntary,Ask station everything race feeling by although.
1769,Resignation,State voice performance crime.
1770,Unk,
1771,Unk,
1772,Resignation,Each bring star week kitchen without nature.
1773,Retirement,Though resource simple health bring.
1774,Involuntary,Wear television particular.
1775,Involuntary,Sing participant involve themselves plan.
1776,Retirement,Only alone imagine. Loss minute girl.
1777,Involuntary,Professor late television spend foreign.
1778,Unk,
1779,Unk,
1780,Retirement,Half nice continue serious move lay itself.
1781,Unk,
1782,Retirement,Material as already course. See our realize.
1783,Unk,
1784,Retirement,Need challenge education bank upon reach fall.
1785,Unk,
1786,Resignation,Treatment itself various campaign.
1787,Voluntary,Perform question beyond article.
1788,Unk,
1789,Unk,
1790,Resignation,Marriage almost cold sort public major cut.
1791,Resignation,Year prove but moment house defense.
1792,Unk,
1793,Resignation,Fight cup mean money easy stock stock strategy.
1794,Unk,
1795,Involuntary,Soon voice play will Mr card physical.
1796,Involuntary,Eight age article law stop quickly.
1797,Voluntary,Us do by over. Source today then between.
1798,Unk,
1799,Involuntary,Better one ball computer.
1800,Resignation,Own while top huge.
1801,Involuntary,Figure third where boy.
1802,Unk,
1803,Resignation,While win have company will identify certainly.
1804,Voluntary,Whom book science field follow treatment kind.
1805,Voluntary,Air for charge until want drug seek.
1806,Unk,
1807,Unk,
1808,Unk,
1809,Involuntary,Simply national production language.
1810,Unk,
1811,Unk,
1812,Involuntary,Build very significant imagine cell doctor.
1813,Unk,
1814,Unk,
1815,Unk,
1816,Unk,
1817,Resignation,Condition ability least usually.
1818,Unk,
1819,Unk,
1820,Unk,
1821,Unk,
1822,Unk,
1823,Voluntary,Term few fear whom without.
1824,Voluntary,Small prove sea foot property father.
1825,Voluntary,Plan view month maybe always state.
1826,Resignation,Western unit case late investment.
1827,Involuntary,Good technology same cut arrive anything remain.
1828,Resignation,Break field attorney.
1829,Unk,
1830,Unk,
1831,Retirement,End lay return last compare.
1832,Unk,
1833,Unk,
1834,Resignation,Child lose recently.
1835,Resignation,Strategy word southern.
1836,Unk,
1837,Unk,
1838,Unk,
1839,Voluntary,First sing others lot film anyone.
1840,Unk,
1841,Unk,
1842,Unk,
1843,Unk,
1844,Unk,
1845,Voluntary,Force leader remain machine place.
1846,Unk,
1847,Resignation,Beat scene dream because by who ok.
1848,Unk,
1849,Unk,
1850,Voluntary,Food few generation seek outside.
1851,Retirement,Left how maintain structure these enter kitchen.
1852,Voluntary,Fall share energy myself.
1853,Unk,
1854,Involuntary,Fight ahead group.
1855,Retirement,Pretty line two she accept be.
1856,Unk,
1857,Involuntary,Have appear along within western city drug tough.
1858,Resignation,Reality line toward follow well able.
1859,Voluntary,Article hope tree happy affect check people.
1860,Involuntary,Entire list exactly control enough.
1861,Unk,
1862,Unk,
1863,Involuntary,Nor director yard within car into final.
1864,Resignation,Take health either southern religious today.
1865,Unk,
1866,Unk,
1867,Involuntary,Apply must visit street.
1868,Resignation,Always agree room animal drug.
1869,Unk,
1870,Unk,
1871,Unk,
1872,Retirement,General nature open.
1873,Involuntary,Art professional rather move explain.
1874,Unk,
1875,Involuntary,Young finally can fact.
1876,Resignation,Sound modern feel special me fish produce.
1877,Unk,
1878,Voluntary,Toward situation politics.
1879,Involuntary,Key real fill never sing feeling.
1880,Voluntary,Within direction court hope security stuff early.
1881,Unk,
1882,Retirement,List try partner four tax.
1883,Voluntary,Unit computer what age career.
1884,Unk,
1885,Unk,
1886,Involuntary,Amount establish away part.
1887,Unk,
1888,Voluntary,History follow budget forget instead mind.
1889,Unk,
1890,Unk,
1891,Unk,
1892,Unk,
1893,Unk,
1894,Unk,
1895,Unk,
1896,Unk,
1897,Unk,
1898,Voluntary,Benefit avoid fill begin any individual thousand.
1899,Retirement,Occur tough thousand on recent.
1900,Unk,
1901,Unk,
1902,Retirement,Brother a billion wife watch south.
1903,Resignation,Can ahead cell in most generation reduce.
1904,Unk,
1905,Unk,
1906,Unk,
1907,Unk,
1908,Unk,
1909,Unk,
1910,Unk,
1911,Resignation,Human box wish natural student staff.
1912,Retirement,Here relationship possible purpose instead.
1913,Involuntary,Fine many herself field method draw learn.
1914,Resignation,Scene receive customer way medical way itself.
1915,Voluntary,Rate pick despite too happy.
1916,Involuntary,Shake hold standard team seat word.
1917,Unk,
1918,Involuntary,Talk beyond year seven.
1919,Involuntary,Man mean daughter best quite guess.
1920,Retirement,Avoid song interview them class.
1921,Voluntary,Member space player.
1922,Unk,
1923,Involuntary,Officer thus service.
1924,Voluntary,More sure call best.
1925,Voluntary,Gun better when. Ok suddenly certain seat.
1926,Unk,
1927,Involuntary,Explain put must.
1928,Unk,
1929,Unk,
1930,Unk,
1931,Unk,
1932,Voluntary,Ok glass media learn grow.
1933,Unk,
1934,Voluntary,Baby still now positive traditional head while.
1935,Unk,
1936,Unk,
1937,Involuntary,Decide prevent town important front.
1938,Unk,
1939,Unk,
1940,Unk,
1941,Unk,
1942,Retirement,Sense station management factor.
1943,Retirement,Table try place week.
1944,Unk,
1945,Resignation,Team brother social realize town.
1946,Unk,
1947,Unk,
1948,Retirement,Step loss place continue inside.
1949,Unk,
1950,Involuntary,Long before return human peace century team.
1951,Voluntary,Final send three.
1952,Unk,
1953,Retirement,Any adult enter these less.
1954,Voluntary,Learn yes material management Mr vote.
1955,Unk,
1956,Unk,
1957,Retirement,Prove do voice ten likely do.
1958,Unk,
1959,Voluntary,Nation fight role according team candidate.
1960,Unk,
1961,Voluntary,Trip letter possible institution nothing.
1962,Involuntary,It likely program stay product.
1963,Resignation,Expert wrong space Mrs popular kitchen small.
1964,Voluntary,War good your trial second black sit.
1965,Unk,
1966,Unk,
1967,Unk,
1968,Unk,
1969,Retirement,Indicate mother account loss really past.
1970,Retirement,Push must right.
1971,Voluntary,Glass minute shake food determine deep.
1972,Involuntary,Its card benefit dream bring.
1973,Unk,
1974,Unk,
1975,Unk,
1976,Unk,
1977,Voluntary,Before room than city she.
1978,Voluntary,Economy choice authority responsibility.
1979,Voluntary,Let create wind fast gun heavy cold.
1980,Unk,
1981,Involuntary,Prevent involve hundred price.
1982,Unk,
1983,Resignation,Hold left direction. Ahead investment she.
1984,Unk,
1985,Resignation,Race least white while real huge.
1986,Unk,
1987,Unk,
1988,Retirement,Seven president one. Wind education reveal old.
1989,Unk,
1990,Resignation,To prevent method stand decision.
1991,Involuntary,Best candidate this seem soldier summer.
1992,Involuntary,Create who sound worry ground.
1993,Voluntary,Stuff oil customer fact billion there.
1994,Voluntary,Party course morning also blue.
1995,Unk,
1996,Resignation,Win join best machine feel.
1997,Retirement,Tv she everybody picture budget.
1998,Unk,
1999,Involuntary,Agreement cell total play relate.
2000,Involuntary,Staff summer fire my game kitchen.
2001,Resignation,Use eight hot bar board realize without.
2002,Involuntary,Onto work name back goal claim reduce.
2003,Voluntary,Number environmental next shoulder kid move away.
2004,Unk,
2005,Retirement,Point himself deep audience upon door too.
2006,Unk,
2007,Unk,
2008,Voluntary,Follow yourself child to foot.
2009,Unk,
2010,Resignation,Food shake indicate cost happen up president.
2011,Retirement,Institution window ability miss recently around.
2012,Voluntary,Billion turn account cut spring.
2013,Voluntary,Maintain score scene attack face try wish.
2014,Unk,
2015,Unk,
2016,Unk,
2017,Unk,
2018,Retirement,Various various decide per clear miss.
2019,Unk,
2020,Involuntary,Law safe yard market likely wife case action.
2021,Unk,
2022,Unk,
2023,Retirement,Leave probably series even avoid.
2024,Retirement,Range create to drive.
2025,Resignation,Form prepare beat focus direction marriage.
2026,Resignation,Deep new manage big picture.
2027,Unk,
2028,Retirement,Half audience option safe.
2029,Unk,
2030,Resignation,Station opportunity already agency blood answer.
2031,Involuntary,Smile friend too now move end institution.
2032,Retirement,Participant under home.
2033,Unk,
2034,Voluntary,Manage expert such rate stand.
2035,Retirement,Race a way theory analysis.
2036,Unk,
2037,Involuntary,Present trip year.
2038,Unk,
2039,Unk,
2040,Involuntary,Impact central buy top section.
2041,Unk,
2042,Unk,
2043,Unk,
2044,Unk,
2045,Unk,
2046,Unk,
2047,Unk,
2048,Unk,
2049,Unk,
2050,Retirement,Top whether good.
2051,Unk,
2052,Involuntary,Mean car law read friend growth.
2053,Unk,
2054,Voluntary,Anyone include world claim up.
2055,Unk,
2056,Voluntary,Stock about front themselves list value.
2057,Unk,
2058,Resignation,Provide pick upon green event himself.
2059,Retirement,Issue administration collection.
2060,Unk,
2061,Unk,
2062,Unk,
2063,Unk,
2064,Resignation,Maintain catch look. Wide local natural.
2065,Unk,
2066,Voluntary,Yeah deal great thousand church least fact.
2067,Unk,
2068,Unk,
2069,Unk,
2070,Unk,
2071,Unk,
2072,Unk,
2073,Involuntary,Drug remain total marriage ago raise.
2074,Unk,
2075,Unk,
2076,Voluntary,Yeah quickly speech hold. Hard image wall large.
2077,Resignation,Decide material save personal media.
2078,Voluntary,Until factor claim chance.
2079,Unk,
2080,Involuntary,Serve bill write instead pressure life anyone.
2081,Unk,
2082,Unk,
2083,Unk,
2084,Unk,
2085,Voluntary,Customer make camera truth.
2086,Retirement,Capital course trade.
2087,Involuntary,Per record feeling bed tax education.
2088,Unk,
2089,Voluntary,Upon situation late.
2090,Unk,
2091,Unk,
2092,Unk,
2093,Resignation,Opportunity place deal.
2094,Involuntary,Same manage return husband try general.
2095,Retirement,Night official cut director seven.
2096,Unk,
2097,Retirement,Laugh effort pressure fund.
2098,Unk,
2099,Unk,
2100,Unk,
2101,Involuntary,Even third look high.
2102,Unk,
2103,Unk,
2104,Unk,
2105,Unk,
2106,Resignation,No even actually meet though three.
2107,Retirement,Cell push simply. Career situation record entire.
2108,Retirement,Herself Mr office bed.
2109,Unk,
2110,Unk,
2111,Involuntary,Arrive allow reveal move.
2112,Voluntary,Guy present clear.
2113,Involuntary,Out phone market. Time parent economy each.
2114,Unk,
2115,Voluntary,Although center movement stock. While you local.
2116,Unk,
2117,Unk,
2118,Unk,
2119,Unk,
2120,Unk,
2121,Unk,
2122,Resignation,Company event positive along avoid.
2123,Unk,
2124,Voluntary,New serve test what conference management.
2125,Unk,
2126,Involuntary,Will cut garden exist ability its human.
2127,Unk,
2128,Unk,
2129,Unk,
2130,Unk,
2131,Resignation,Dream enough treatment knowledge area.
2132,Unk,
2133,Unk,
2134,Resignation,Out always about must with ago here.
2135,Voluntary,Board from heart ago allow list.
2136,Involuntary,Despite expect democratic then affect toward.
2137,Involuntary,Fight perhaps along western.
2138,Involuntary,Direction garden particularly trial.
2139,Unk,
2140,Unk,
2141,Resignation,Many with summer.
2142,Involuntary,Often his world its threat last.
2143,Involuntary,Gas group whose within step clear choose.
2144,Unk,
2145,Unk,
2146,Resignation,Line close that rich.
2147,Involuntary,Gas also suffer air support size make.
2148,Unk,
2149,Involuntary,Development produce health drop should.
2150,Voluntary,Onto brother heavy this job.
2151,Involuntary,Cut mind yard third.
2152,Unk,
2153,Unk,
2154,Unk,
2155,Resignation,See take music any idea same military.
2156,Voluntary,Over still care thought to.
2157,Retirement,West run alone address week wear.
2158,Unk,
2159,Resignation,Major actually hot cell.
2160,Involuntary,Glass agree upon picture that production.
2161,Unk,
2162,Unk,
2163,Unk,
2164,Unk,
2165,Involuntary,Line know television.
2166,Unk,
2167,Voluntary,Maintain race expert cost continue store.
2168,Unk,
2169,Retirement,Method suggest leave process deep tough seek.
2170,Unk,
2171,Resignation,Change lose be mention blue rise society.
2172,Retirement,Cost he international center head.
2173,Retirement,Others pull establish maintain dark at.
2174,Unk,
2175,Voluntary,Somebody include mention staff determine.
2176,Unk,
2177,Unk,
2178,Unk,
2179,Retirement,Tree read security individual.
2180,Resignation,Cultural later per thank.
2181,Resignation,Every maybe feel court.
2182,Unk,
2183,Unk,
2184,Retirement,Line operation form notice.
2185,Involuntary,Lawyer her author poor. Person determine before.
2186,Voluntary,Speech street suggest call edge.
2187,Unk,
2188,Involuntary,Minute accept the must.
2189,Unk,
2190,Voluntary,Ago determine fact itself. Act employee but.
2191,Retirement,Kid oil news part.
2192,Voluntary,Economy instead sense.
2193,Involuntary,Design and respond dog true knowledge.
2194,Unk,
2195,Voluntary,Popular but sort training region everybody.
2196,Resignation,Part not culture news. Here enter must.
2197,Involuntary,Two job continue often public often.
2198,Retirement,Friend country free.
2199,Unk,
2200,Unk,
2201,Unk,
2202,Unk,
2203,Involuntary,Together three executive compare.
2204,Retirement,Natural event religious during article total.
2205,Involuntary,Article machine reflect land lose simply medical.
2206,Unk,
2207,Unk,
2208,Unk,
2209,Unk,
2210,Resignation,Quite able race more friend voice choice.
2211,Unk,
2212,Involuntary,Possible shake fall type discover expert.
2213,Retirement,You suggest area.
2214,Resignation,Religious far child break thought watch.
2215,Resignation,Ten when myself hit off.
2216,Unk,
2217,Voluntary,Knowledge thank speak clearly.
2218,Resignation,Quality heavy security nature amount take room.
2219,Retirement,Past really million address again forget.
2220,Unk,
2221,Unk,
2222,Resignation,End trouble tonight amount page reach debate.
2223,Unk,
2224,Unk,
2225,Unk,
2226,Resignation,Clearly rule suddenly.
2227,Unk,
2228,Resignation,Partner performance newspaper sense all where.
2229,Unk,
2230,Unk,
2231,Unk,
2232,Unk,
2233,Unk,
2234,Resignation,Particularly put occur. Approach often be.
2235,Unk,
2236,Involuntary,Choice learn town themselves cup experience.
2237,Resignation,Run vote behind factor father.
2238,Resignation,Office little different tax down top.
2239,Retirement,Future where and.
2240,Unk,
2241,Unk,
2242,Resignation,Performance paper teacher tree student.
2243,Involuntary,This bank out.
2244,Unk,
2245,Resignation,Later star one than within live.
2246,Resignation,Expect kitchen even anyone. Without agent she.
2247,Resignation,Three sell often star.
2248,Retirement,Adult wind join time memory customer.
2249,Voluntary,Only movie ability wait according.
2250,Involuntary,Money read truth determine remain Mrs.
2251,Unk,
2252,Unk,
2253,Unk,
2254,Unk,
2255,Involuntary,This focus strategy behind among this.
2256,Unk,
2257,Voluntary,Teach yard style bed relate seat.
2258,Unk,
2259,Unk,
2260,Voluntary,Stay moment go try. Trouble morning skin join.
2261,Unk,
2262,Unk,
2263,Unk,
2264,Involuntary,Cultural responsibility whose wear.
2265,Unk,
2266,Resignation,Chair out man man.
2267,Unk,
2268,Resignation,Real build something family save.
2269,Resignation,Type three hear court street sport key.
2270,Resignation,Significant issue rich air race.
2271,Unk,
2272,Retirement,Turn left degree audience fly present.
2273,Resignation,Field have cup because military.
2274,Unk,
2275,Unk,
2276,Unk,
2277,Unk,
2278,Unk,
2279,Unk,
2280,Retirement,Maybe establish real still.
2281,Unk,
2282,Unk,
2283,Retirement,Available area dog Republican big town left.
2284,Unk,
2285,Unk,
2286,Voluntary,Place doctor be water message activity.
2287,Involuntary,Rise she since boy.
2288,Involuntary,Foreign thank people.
2289,Unk,
2290,Retirement,Such physical more himself movie.
2291,Unk,
2292,Unk,
2293,Involuntary,Health more majority think sister.
2294,Unk,
2295,Involuntary,Two describe leg executive that ok.
2296,Unk,
2297,Resignation,Gas place rich dog process movement along.
2298,Unk,
2299,Resignation,Learn staff above address.
2300,Unk,
2301,Voluntary,Join executive spend speak many sometimes.
2302,Resignation,Per spend challenge key ever say.
2303,Resignation,Plant white design action.
2304,Unk,
2305,Resignation,Want agency relationship house nice mother.
2306,Resignation,Think network make manager.
2307,Unk,
2308,Retirement,Where vote relate expect executive game seem.
2309,Unk,
2310,Unk,
2311,Voluntary,Ago usually quickly Mrs television guess.
2312,Unk,
2313,Unk,
2314,Unk,
2315,Voluntary,Probably must design.
2316,Unk,
2317,Unk,
2318,Unk,
2319,Voluntary,Continue move everything.
2320,Voluntary,Else enjoy include expect.
2321,Voluntary,Camera four star growth design then.
2322,Unk,
2323,Retirement,Fill outside then discuss table.
2324,Involuntary,International time want art own sit.
2325,Unk,
2326,Unk,
2327,Unk,
2328,Unk,
2329,Retirement,War way happy safe consumer probably.
2330,Unk,
2331,Retirement,Energy general place investment notice.
2332,Involuntary,Choice while growth future.
2333,Unk,
2334,Retirement,According term along ago leave.
2335,Unk,
2336,Unk,
2337,Unk,
2338,Involuntary,Body move possible play. Relate husband Mrs.
2339,Retirement,Pretty he matter south treat benefit.
2340,Resignation,Professor phone billion none very evidence.
2341,Unk,
2342,Unk,
2343,Unk,
2344,Retirement,Money start prove.
2345,Involuntary,Upon around example dream style technology term.
2346,Unk,
2347,Unk,
2348,Unk,
2349,Voluntary,Address machine break person force interview.
2350,Unk,
2351,Retirement,Market as per stop kid score detail.
2352,Retirement,Practice miss lead message measure.
2353,Unk,
2354,Retirement,Especially usually citizen do.
2355,Retirement,Teacher often knowledge free best.
2356,Retirement,Audience deal cost figure student might let.
2357,Involuntary,Where author federal Democrat in institution.
2358,Involuntary,A especially friend.
2359,Retirement,Suddenly part eye bag.
2360,Voluntary,Decide rich traditional house task road.
2361,Involuntary,Report provide home follow price.
2362,Involuntary,Building source bill true education form include.
2363,Retirement,Least if civil partner court number song.
2364,Unk,
2365,Involuntary,Station today affect many know.
2366,Retirement,Factor strategy defense citizen.
2367,Resignation,Soon walk early star.
2368,Resignation,Like save Mr instead doctor traditional one.
2369,Retirement,Window paper dark power knowledge must current.
2370,Retirement,Most sport property respond.
2371,Unk,
2372,Involuntary,Skin none party discover fact low buy ok.
2373,Resignation,Thought official else loss admit threat treat.
2374,Retirement,Industry majority population final. Bit go deal.
2375,Unk,
2376,Involuntary,Move story heavy list image arrive today.
2377,Unk,
2378,Unk,
2379,Resignation,Only subject throw conference official.
2380,Retirement,Attack result fly Republican.
2381,Unk,
2382,Involuntary,Light free he rest thought.
2383,Unk,
2384,Resignation,East crime wind subject because.
2385,Unk,
2386,Unk,
2387,Resignation,Somebody air turn. Dark civil any serious.
2388,Unk,
2389,Resignation,Be there wide. Treatment blue learn choice.
2390,Involuntary,Hair force rate state own lose administration.
2391,Resignation,Tough respond possible example.
2392,Unk,
2393,Involuntary,Line believe write might anything yet.
2394,Involuntary,Else condition director woman unit.
2395,Unk,
2396,Resignation,Above difference event coach.
2397,Retirement,Husband should TV sport message friend history.
2398,Resignation,Laugh step east degree. Visit get late along.
2399,Retirement,Else big job administration.
2400,Unk,
2401,Resignation,Sit energy consider voice director.
2402,Resignation,Rather event ground scientist change.
2403,Retirement,Each himself anything you.
2404,Voluntary,Into go between. Before number education fast.
2405,Involuntary,Your never oil finally public major shake they.
2406,Unk,
2407,Involuntary,Throughout thank respond direction.
2408,Unk,
2409,Unk,
2410,Unk,
2411,Unk,
2412,Voluntary,Current voice question house.
2413,Resignation,Tree choose manager ask prove three.
2414,Unk,
2415,Involuntary,Strategy kind particular unit need.
2416,Unk,
2417,Retirement,Me local somebody method away choose hit truth.
2418,Involuntary,Speak high idea reach both. Many policy rock six.
2419,Unk,
2420,Unk,
2421,Unk,
2422,Involuntary,Last conference eat store citizen.
2423,Unk,
2424,Resignation,Author sure care fish.
2425,Resignation,And even room after establish. Me single stage.
2426,Retirement,Scientist open would defense receive old.
2427,Voluntary,Next explain account stay.
2428,Voluntary,Price apply father morning population.
2429,Involuntary,Condition control raise.
2430,Voluntary,Production major type value live movie.
2431,Resignation,At ago debate special can economy.
2432,Retirement,Leader specific wife appear art they.
2433,Retirement,Game play arm argue blood try here.
2434,Involuntary,Dog dark piece where ask low away.
2435,Involuntary,Unit begin commercial wish financial care.
2436,Voluntary,Result so show improve. Leg message cup else.
2437,Voluntary,Nation you bad daughter only huge them.
2438,Unk,
2439,Unk,
2440,Unk,
2441,Unk,
2442,Resignation,Would assume boy show newspaper.
2443,Unk,
2444,Unk,
2445,Unk,
2446,Involuntary,Every year particular mouth.
2447,Voluntary,Interest again main describe end charge.
2448,Voluntary,Hard thousand fund follow take want full.
2449,Retirement,Authority be bank.
2450,Resignation,Prove group type several wife those question.
2451,Unk,
2452,Unk,
2453,Unk,
2454,Unk,
2455,Unk,
2456,Unk,
2457,Unk,
2458,Voluntary,Fund season forward just.
2459,Retirement,Type by way so firm high building.
2460,Retirement,Recently five outside class term.
2461,Unk,
2462,Voluntary,Claim serve PM camera else.
2463,Unk,
2464,Unk,
2465,Retirement,Site least knowledge right every.
2466,Voluntary,Sense activity son. One radio Mr method shoulder.
2467,Involuntary,Change hundred despite get sit agent discuss.
2468,Unk,
2469,Involuntary,Clearly really poor story health air particular.
2470,Unk,
2471,Unk,
2472,Unk,
2473,Involuntary,Ability project political animal.
2474,Involuntary,Technology eight stage hold chance after police.
2475,Retirement,Finish sense money public debate field professor.
2476,Voluntary,Yard charge week wait address.
2477,Unk,
2478,Unk,
2479,Involuntary,Material role once lawyer phone turn company.
2480,Unk,
2481,Unk,
2482,Voluntary,Particularly box maybe.
2483,Unk,
2484,Unk,
2485,Retirement,Price card crime. Beautiful travel world treat.
2486,Unk,
2487,Unk,
2488,Resignation,Follow fact investment.
2489,Unk,
2490,Unk,
2491,Unk,
2492,Unk,
2493,Retirement,Small phone project life realize.
2494,Retirement,Away manage guess gun old.
2495,Resignation,Method hundred lawyer feel interesting.
2496,Retirement,Reduce evidence policy clear nothing at.
2497,Voluntary,Kind produce join effect.
2498,Involuntary,Brother election movie born enough.
2499,Resignation,Girl foreign would simple believe.
2500,Unk,
2501,Unk,
2502,Unk,
2503,Voluntary,Determine yes action college.
2504,Unk,
2505,Unk,
2506,Unk,
2507,Resignation,Space west energy week our federal operation.
2508,Unk,
2509,Involuntary,Resource concern production level good happy.
2510,Retirement,Radio fight consumer senior traditional himself.
2511,Involuntary,Show step student add. Name deal take last.
2512,Retirement,May dream may apply involve natural.
2513,Involuntary,Fine father forget two pay sort before dinner.
2514,Unk,
2515,Unk,
2516,Unk,
2517,Retirement,Carry threat by whose ok grow information.
2518,Voluntary,Behind person those information road.
2519,Unk,
2520,Unk,
2521,Unk,
2522,Voluntary,Difference wide news north we.
2523,Unk,
2524,Unk,
2525,Retirement,Executive might picture speech light.
2526,Unk,
2527,Unk,
2528,Retirement,Southern alone father state.
2529,Unk,
2530,Retirement,Scientist strong team civil quality.
2531,Voluntary,Open several spring mouth.
2532,Unk,
2533,Unk,
2534,Retirement,Manager since future contain play.
2535,Resignation,Well energy step may.
2536,Unk,
2537,Involuntary,Positive might religious mouth else.
2538,Unk,
2539,Unk,
2540,Resignation,Actually not sell one.
2541,Unk,
2542,Unk,
2543,Resignation,First peace oil more last us. Front product many.
2544,Voluntary,Black civil room chance. This mind find adult.
2545,Unk,
2546,Unk,
2547,Unk,
2548,Resignation,Win onto effect security instead.
2549,Unk,
2550,Involuntary,Market remember too less bring simple sort.
2551,Voluntary,Will low work decade site.
2552,Unk,
2553,Resignation,Wife send office ball yourself it lot.
2554,Voluntary,Do month risk college detail.
2555,Resignation,Mr opportunity dinner chance common.
2556,Voluntary,Develop together popular be.
2557,Unk,
2558,Involuntary,Kid actually Congress computer season behind.
2559,Unk,
2560,Voluntary,According maintain president start upon evening.
2561,Unk,
2562,Retirement,Suffer arm security about control with.
2563,Unk,
2564,Voluntary,Finish law price under.
2565,Unk,
2566,Unk,
2567,Voluntary,Dream quickly relationship involve enough name.
2568,Unk,
2569,Retirement,Anything human medical offer dinner hard by.
2570,Voluntary,War model build important determine.
2571,Retirement,Maintain which memory born.
2572,Resignation,Lawyer suggest cultural blue yes camera daughter.
2573,Voluntary,Decide cut camera conference last size will.
2574,Involuntary,House seven human available.
2575,Retirement,Establish fear recently owner.
2576,Resignation,Doctor statement she rule order wind.
2577,Voluntary,Less air right in southern it material.
2578,Unk,
2579,Unk,
2580,Resignation,Key whose anyone religious mother movie.
2581,Unk,
2582,Unk,
2583,Unk,
2584,Unk,
2585,Unk,
2586,Unk,
2587,Involuntary,Rest society tell into ahead.
2588,Unk,
2589,Unk,
2590,Retirement,Media move management if my.
2591,Unk,
2592,Unk,
2593,Voluntary,Weight join evidence oil father.
2594,Unk,
2595,Unk,
2596,Voluntary,Also protect scientist. Fear result major the.
2597,Unk,
2598,Unk,
2599,Voluntary,Very research level send picture pressure our.
2600,Unk,
2601,Involuntary,Glass effort however relate partner lay what.
2602,Involuntary,Rather middle organization officer.
2603,Involuntary,Front tend couple a budget strategy.
2604,Voluntary,Compare factor only together.
2605,Retirement,Situation affect medical friend audience fight.
2606,Unk,
2607,Unk,
2608,Unk,
2609,Retirement,Upon budget class college now this trade.
2610,Retirement,Join difference order size occur entire sell.
2611,Voluntary,Ground bad official number stuff stop leader.
2612,Retirement,Site cut debate own born six.
2613,Resignation,Something service already fish create firm job.
2614,Unk,
2615,Unk,
2616,Involuntary,Still box ten network apply.
2617,Retirement,Piece manage well onto.
2618,Unk,
2619,Involuntary,Use stay among place dinner.
2620,Unk,
2621,Unk,
2622,Unk,
2623,Involuntary,Game success stock hold sometimes will approach.
2624,Retirement,Simple them do consider grow.
2625,Retirement,Situation anything economy time relationship.
2626,Resignation,Never whatever loss economic off without cause.
2627,Retirement,Key as eye past. Three would affect about.
2628,Unk,
2629,Retirement,Hot key speak song thus her member.
2630,Involuntary,Force way bank trade.
2631,Unk,
2632,Unk,
2633,Unk,
2634,Unk,
2635,Voluntary,Audience board south. Per state model beat.
2636,Resignation,Almost across fly recent go.
2637,Unk,
2638,Voluntary,Matter fight attention this strategy.
2639,Unk,
2640,Voluntary,Company set policy drop become single.
2641,Voluntary,Politics suggest company trade treat region.
2642,Voluntary,Significant color always require evening.
2643,Voluntary,Likely debate ever college strategy way can.
2644,Involuntary,Within rise suggest war check happy whom.
2645,Unk,
2646,Unk,
2647,Unk,
2648,Unk,
2649,Retirement,Appear reality artist there understand.
2650,Unk,
2651,Unk,
2652,Voluntary,Continue personal federal another.
2653,Retirement,Garden player quickly body science.
2654,Resignation,Stay herself cultural pass large.
2655,Voluntary,Mother fine late simply close material yeah.
2656,Voluntary,Detail see down common great on especially.
2657,Voluntary,Decision decade approach.
2658,Involuntary,Heart certainly computer beat where pull.
2659,Unk,
2660,Unk,
2661,Unk,
2662,Unk,
2663,Resignation,Party employee page half young budget.
2664,Unk,
2665,Unk,
2666,Retirement,Audience run degree that your beyond cell.
2667,Retirement,Environment state tax sound stop group doctor.
2668,Resignation,Lot as card response consumer.
2669,Unk,
2670,Unk,
2671,Unk,
2672,Involuntary,Medical message face development moment because.
2673,Unk,
2674,Unk,
2675,Resignation,Board up meet away firm yet human find.
2676,Resignation,Memory theory thank past could.
2677,Resignation,Who few sport business various.
2678,Unk,
2679,Unk,
2680,Involuntary,Smile most around.
2681,Involuntary,Region hit sense national about.
2682,Unk,
2683,Unk,
2684,Retirement,Activity pay wall start cause.
2685,Resignation,Statement would join music great dark.
2686,Unk,
2687,Unk,
2688,Unk,
2689,Unk,
2690,Involuntary,Author hotel car care special organization.
2691,Unk,
2692,Voluntary,Hard way effort wear physical. Want between grow.
2693,Unk,
2694,Involuntary,Movie before ability. Seem watch deal center.
2695,Retirement,Offer performance arrive travel.
2696,Retirement,Top seem police tree against.
2697,Unk,
2698,Unk,
2699,Unk,
2700,Resignation,Visit you let sort amount visit.
2701,Unk,
2702,Unk,
2703,Unk,
2704,Voluntary,Mention adult treatment old play.
2705,Unk,
2706,Involuntary,Can last meet shake imagine he.
2707,Unk,
2708,Involuntary,After draw carry north federal region recently.
2709,Unk,
2710,Unk,
2711,Unk,
2712,Unk,
2713,Unk,
2714,Resignation,Break price parent seat natural whatever.
2715,Unk,
2716,Unk,
2717,Unk,
2718,Unk,
2719,Voluntary,Dinner teach cover later.
2720,Retirement,Debate want series success above.
2721,Unk,
2722,Unk,
2723,Voluntary,Another instead but house six make citizen.
2724,Involuntary,Game reach not save individual.
2725,Unk,
2726,Retirement,Vote yard sign address lead knowledge front.
2727,Resignation,Risk hundred social.
2728,Involuntary,World area thus attention start.
2729,Unk,
2730,Unk,
2731,Unk,
2732,Retirement,Exactly fear as speech.
2733,Unk,
2734,Unk,
2735,Unk,
2736,Unk,
2737,Retirement,Music society money product next.
2738,Involuntary,Member success us future a song every.
2739,Resignation,Idea why card study body commercial.
2740,Unk,
2741,Resignation,Amount address then peace deep community own six.
2742,Retirement,Thing stock near question mouth.
2743,Voluntary,Decade structure outside I world agent treat.
2744,Unk,
2745,Unk,
2746,Involuntary,Art decade agreement bank.
2747,Voluntary,Few attorney all campaign town reflect behavior.
2748,Unk,
2749,Retirement,He PM simply interesting.
2750,Unk,
2751,Retirement,Seek reason commercial method among back war.
2752,Involuntary,Finish something start activity full professor.
2753,Voluntary,Traditional stay important save box.
2754,Unk,
2755,Unk,
2756,Unk,
2757,Retirement,Class table south receive democratic.
2758,Involuntary,Difference require discuss.
2759,Unk,
2760,Voluntary,Keep position nature most anything eat blue.
2761,Resignation,Sport information for admit language mention.
2762,Resignation,Stock avoid company tend tell success.
2763,Unk,
2764,Involuntary,President clearly teach recently care.
2765,Unk,
2766,Involuntary,Look area spend. Deal animal main interesting.
2767,Unk,
2768,Unk,
2769,Unk,
2770,Unk,
2771,Retirement,Talk into between trip final.
2772,Unk,
2773,Unk,
2774,Unk,
2775,Unk,
2776,Unk,
2777,Voluntary,Vote growth sound wide art.
2778,Unk,
2779,Resignation,Exist how dog information accept around PM.
2780,Retirement,Chance ever laugh sign indicate.
2781,Retirement,Indicate less quality put listen nation.
2782,Unk,
2783,Resignation,Like open news car seem garden people.
2784,Involuntary,Base item do role debate perform.
2785,Unk,
2786,Unk,
2787,Unk,
2788,Involuntary,Program deal run.
2789,Retirement,Great parent relate growth summer.
2790,Involuntary,Above fight animal support beautiful.
2791,Involuntary,Better design cause yet history decide.
2792,Unk,
2793,Unk,
2794,Unk,
2795,Voluntary,Defense pressure according more mind bed number.
2796,Voluntary,Risk management money field.
2797,Unk,
2798,Unk,
2799,Resignation,Opportunity upon apply and world.
2800,Unk,
2801,Unk,
2802,Unk,
2803,Unk,
2804,Unk,
2805,Unk,
2806,Unk,
2807,Involuntary,Standard stuff girl site.
2808,Unk,
2809,Unk,
2810,Resignation,Less boy reflect quickly health respond million.
2811,Voluntary,Material owner together travel so conference.
2812,Resignation,Now should knowledge the turn toward natural.
2813,Unk,
2814,Unk,
2815,Unk,
2816,Unk,
2817,Unk,
2818,Involuntary,Traditional force look heart talk plan.
2819,Unk,
2820,Unk,
2821,Retirement,Medical painting rich whole here.
2822,Unk,
2823,Unk,
2824,Unk,
2825,Unk,
2826,Involuntary,Prepare simply play edge.
2827,Involuntary,Decision fill total.
2828,Retirement,Camera parent choose add edge product keep.
2829,Unk,
2830,Resignation,Big author those five today.
2831,Unk,
2832,Unk,
2833,Unk,
2834,Involuntary,Be minute last meet former. Rich her account top.
2835,Resignation,Need either go.
2836,Unk,
2837,Involuntary,Administration field require.
2838,Voluntary,Bag physical goal will way against either.
2839,Voluntary,Information step name three choose.
2840,Voluntary,From continue left eye.
2841,Unk,
2842,Voluntary,Region easy at much couple week on.
2843,Unk,
2844,Retirement,Process firm life from final medical.
2845,Unk,
2846,Resignation,Million the fire begin truth language.
2847,Involuntary,Oil at Mr hotel. Same recently leg officer.
2848,Involuntary,Perhaps system its answer small.
2849,Unk,
2850,Retirement,Stand until high true effort kid.
2851,Unk,
2852,Unk,
2853,Voluntary,Population let responsibility.
2854,Resignation,Serious ball together lot body tonight artist.
2855,Unk,
2856,Unk,
2857,Involuntary,Create research source close.
2858,Retirement,According foot decade argue poor hair.
2859,Unk,
2860,Voluntary,Look dark travel herself election college what.
2861,Unk,
2862,Voluntary,Explain threat effort exist send sort dog.
2863,Unk,
2864,Unk,
2865,Voluntary,This fly moment arm realize weight partner.
2866,Unk,
2867,Unk,
2868,Unk,
2869,Unk,
2870,Retirement,Professor anyone example never.
2871,Resignation,Nothing it prepare imagine big.
2872,Voluntary,Certain nation hot sense enjoy.
2873,Unk,
2874,Unk,
2875,Involuntary,Keep many else little argue full the.
2876,Unk,
2877,Resignation,Food fire property exist southern audience.
2878,Resignation,Back worker why young worry human.
2879,Unk,
2880,Retirement,Produce seek result he political alone form.
2881,Unk,
2882,Retirement,Since step style stage sound it.
2883,Unk,
2884,Unk,
2885,Voluntary,Partner fact hand bag management woman.
2886,Unk,
2887,Voluntary,Kind thank nothing say cold stop bill science.
2888,Retirement,Stock usually public summer expert.
2889,Resignation,Such minute might federal college.
2890,Unk,
2891,Resignation,House gun series live environmental.
2892,Resignation,Sure truth clear father experience can.
2893,Unk,
2894,Unk,
2895,Voluntary,Baby growth reality western director.
2896,Unk,
2897,Voluntary,Theory war statement international anyone.
2898,Unk,
2899,Resignation,May evidence race million response need I.
2900,Resignation,Bar poor finish culture movie despite.
2901,Involuntary,Although allow describe school meet argue office.
2902,Unk,
2903,Resignation,Record your institution south stop play.
2904,Retirement,Feel individual dog in sort product.
2905,Unk,
2906,Unk,
2907,Unk,
2908,Unk,
2909,Unk,
2910,Unk,
2911,Unk,
2912,Unk,
2913,Unk,
2914,Retirement,Become cell want page fight.
2915,Involuntary,Or tax believe thank cell.
2916,Resignation,Ask audience become still building.
2917,Unk,
2918,Retirement,Organization walk against question.
2919,Unk,
2920,Unk,
2921,Retirement,Unit develop chance scene court.
2922,Involuntary,Rest hard air. Left me ready nature test mission.
2923,Voluntary,Test you set carry human kind.
2924,Retirement,Wrong practice hold serve image.
2925,Involuntary,New arm manage.
2926,Voluntary,Official minute everyone level thing economic.
2927,Voluntary,Create news use.
2928,Unk,
2929,Voluntary,According if detail quality difficult.
2930,Unk,
2931,Retirement,Sell first fill vote against.
2932,Involuntary,Democrat stage daughter any own whom.
2933,Unk,
2934,Resignation,Ball total direction school.
2935,Involuntary,History record itself my customer mention tree.
2936,Unk,
2937,Unk,
2938,Involuntary,Enter fear pass wish.
2939,Resignation,Themselves huge Republican well feel land.
2940,Resignation,Maintain all base produce.
2941,Involuntary,Least future seem head identify crime stock.
2942,Retirement,Answer today entire deep.
2943,Unk,
2944,Unk,
2945,Voluntary,Hand ready detail same seek know toward.
2946,Unk,
2947,Unk,
2948,Involuntary,Dog together state.
2949,Voluntary,Single media enjoy test ask effect air.
2950,Involuntary,Past value city attorney could onto bed.
2951,Unk,
2952,Unk,
2953,Unk,
2954,Voluntary,While still tend.
2955,Retirement,Loss factor protect pressure fight thank prevent.
2956,Unk,
2957,Unk,
2958,Unk,
2959,Resignation,Account between environmental section group.
2960,Resignation,Vote respond prove return left strategy do blue.
2961,Voluntary,Production several care various seek.
2962,Unk,
2963,Unk,
2964,Unk,
2965,Involuntary,Why development even.
2966,Voluntary,Practice school PM her help open tough.
2967,Retirement,Defense Democrat threat professional month.
2968,Unk,
2969,Voluntary,Because country common Republican perhaps garden.
2970,Voluntary,Control head ground agreement check ever.
2971,Involuntary,Sea marriage improve.
2972,Unk,
2973,Unk,
2974,Unk,
2975,Voluntary,Work around personal cover reflect including.
2976,Involuntary,Can end hear discuss.
2977,Unk,
2978,Unk,
2979,Unk,
2980,Unk,
2981,Voluntary,Truth young just behind social.
2982,Unk,
2983,Unk,
2984,Voluntary,Skill door others out marriage cut.
2985,Retirement,During administration billion.
2986,Unk,
2987,Unk,
2988,Resignation,Amount particular answer show.
2989,Unk,
2990,Unk,
2991,Unk,
2992,Resignation,Example see table the.
2993,Involuntary,Risk test morning lawyer.
2994,Unk,
2995,Resignation,Training party upon.
2996,Involuntary,Tv fact life everybody picture case.
2997,Unk,
2998,Unk,
2999,Voluntary,Dream return commercial. Gas will interview.
3000,Unk,
3001,Retirement,Pick memory station mother process election.
3002,Unk,
3003,Unk,
3004,Retirement,Most since article thousand.
3005,Unk,
3006,Unk,
3007,Resignation,Stock professor pattern turn attention news.
3008,Involuntary,Stuff campaign any huge you kid cup.
3009,Resignation,Avoid so despite. Risk bill cause school off.
3010,Retirement,Billion provide season another.
3011,Involuntary,Affect organization we organization well sense.
3012,Retirement,Room force them drop catch. Consumer why rock.
3013,Unk,
3014,Resignation,Bring guy religious week second technology.
3015,Unk,
3016,Unk,
3017,Voluntary,Money few season own goal social.
3018,Retirement,Thank person level north none analysis its.
3019,Voluntary,Create budget ground foot action note may.
3020,Unk,
3021,Unk,
3022,Retirement,In business challenge rock environment.
3023,Retirement,Personal themselves institution record.
3024,Unk,
3025,Unk,
3026,Unk,
3027,Voluntary,Me who grow similar realize.
3028,Resignation,Whether give voice pull make.
3029,Voluntary,Fire necessary sing first traditional.
3030,Voluntary,Left she before though finally.
3031,Resignation,Enough final gun case.
3032,Voluntary,Market effect Mrs owner.
3033,Voluntary,Stay word behavior financial.
3034,Unk,
3035,Unk,
3036,Unk,
3037,Unk,
3038,Involuntary,Enough note majority positive catch trip.
3039,Unk,
3040,Unk,
3041,Unk,
3042,Resignation,Man fall nature back church.
3043,Unk,
3044,Retirement,Structure play my piece partner them.
3045,Unk,
3046,Resignation,Organization north interview simply return.
3047,Unk,
3048,Unk,
3049,Involuntary,Congress foot television team.
3050,Unk,
3051,Voluntary,Onto site natural situation wear.
3052,Involuntary,Than me read environment hour goal memory.
3053,Resignation,Chance summer fear usually.
3054,Unk,
3055,Retirement,Politics plant at far trade sense.
3056,Unk,
3057,Retirement,Social operation specific personal matter beyond.
3058,Involuntary,Loss sense above charge part describe.
3059,Unk,
3060,Unk,
3061,Resignation,Sister thought loss hotel eight realize.
3062,Unk,
3063,Voluntary,Much try remember natural.
3064,Unk,
3065,Resignation,Scientist up policy save I.
3066,Retirement,Purpose feel summer nature small choose can.
3067,Unk,
3068,Resignation,Seat type month.
3069,Involuntary,Determine building society soldier.
3070,Involuntary,Television new fire board need list admit.
3071,Voluntary,Former think again effort.
3072,Involuntary,Future piece pull art.
3073,Retirement,Guy beat specific act as ability speak.
3074,Resignation,Free town various cup. Animal may team hit.
3075,Unk,
3076,Unk,
3077,Involuntary,Describe hospital executive top sing.
3078,Voluntary,Particularly trouble sister.
3079,Retirement,Nice hundred government.
3080,Voluntary,Design laugh top music policy.
3081,Unk,
3082,Unk,
3083,Unk,
3084,Voluntary,Stage mission never one happen somebody single.
3085,Unk,
3086,Retirement,Huge degree pull hit.
3087,Unk,
3088,Unk,
3089,Voluntary,Suffer very particular rather.
3090,Unk,
3091,Involuntary,Describe current question quite coach.
3092,Voluntary,Recently agreement subject individual increase.
3093,Voluntary,Majority wide enjoy how.
3094,Voluntary,Improve himself side.
3095,Unk,
3096,Involuntary,Industry notice cup early.
3097,Retirement,More best if page.
3098,Unk,
3099,Unk,
3100,Retirement,Production senior put.
3101,Unk,
3102,Resignation,Size shake far example.
3103,Involuntary,Rather make power.
3104,Unk,
3105,Resignation,Figure kind agent send even west.
3106,Unk,
3107,Voluntary,Figure enjoy sell work discuss former.
3108,Retirement,Perform leader research again term.
3109,Unk,
3110,Unk,
3111,Unk,
3112,Involuntary,Past agreement focus back.
3113,Voluntary,Stock indeed about brother campaign.
3114,Unk,
3115,Voluntary,Decide statement future ball.
3116,Unk,
3117,Unk,
3118,Voluntary,Pay avoid seem unit might month run.
3119,Unk,
3120,Resignation,Event TV few much continue success.
3121,Retirement,Resource collection house seek sound wind.
3122,Voluntary,Professional military easy so.
3123,Unk,
3124,Resignation,Star idea alone.
3125,Resignation,Magazine matter a teach.
3126,Unk,
3127,Resignation,Enjoy relationship page billion.
3128,Unk,
3129,Unk,
3130,Voluntary,Read nice continue itself attack happen.
3131,Resignation,Tell its wind child more though.
3132,Involuntary,Program personal mean life source reach.
3133,Resignation,Example trip behavior himself young.
3134,Voluntary,Avoid that school central member.
3135,Involuntary,Food information day art PM leader.
3136,Unk,
3137,Involuntary,Easy film last fact discuss. Enough worker wall.
3138,Voluntary,Week campaign later realize magazine.
3139,Unk,
3140,Unk,
3141,Unk,
3142,Unk,
3143,Unk,
3144,Unk,
3145,Retirement,Reveal real paper peace usually fly know century.
3146,Unk,
3147,Involuntary,Member cost town create against decision.
3148,Voluntary,Draw health deal.
3149,Voluntary,Policy upon tend join individual direction yard.
3150,Unk,
3151,Unk,
3152,Voluntary,Through would building generation pay investment.
3153,Retirement,Seven trip current difference baby.
3154,Unk,
3155,Voluntary,Interest sit production sit director think.
3156,Voluntary,Else feel no individual.
3157,Voluntary,Capital series something again ever.
3158,Retirement,More next spring around television million media.
3159,Voluntary,Allow decide education consider early such.
3160,Unk,
3161,Involuntary,Material thousand usually.
3162,Resignation,Not later mission use industry family at.
3163,Unk,
3164,Resignation,Beat hand ready reason development else doctor.
3165,Retirement,Truth hope she after.
3166,Resignation,Whatever up again yeah wear red.
3167,Unk,
3168,Voluntary,Hot stage record listen cost against.
3169,Resignation,Find by campaign. Bit oil show cultural up smile.
3170,Retirement,Good talk past.
3171,Involuntary,Suddenly myself debate official training three.
3172,Unk,
3173,Resignation,Place hear beat.
3174,Involuntary,Only something seven relate leg however.
3175,Voluntary,Foreign friend policy green.
3176,Resignation,Minute between another local country.
3177,Resignation,Six agreement take. Newspaper back land health.
3178,Involuntary,Follow arrive inside source.
3179,Voluntary,Assume none mother note poor indeed.
3180,Retirement,Begin person since way. Thus region happy no.
3181,Voluntary,Safe cost bar use per both tend.
3182,Unk,
3183,Resignation,Then foot not.
3184,Unk,
3185,Voluntary,Development second material common.
3186,Voluntary,Believe kitchen whose true.
3187,Resignation,Wide smile scene such society contain.
3188,Unk,
3189,Unk,
3190,Unk,
3191,Retirement,Read PM learn third clearly film news.
3192,Resignation,Ball they group who.
3193,Unk,
3194,Unk,
3195,Resignation,Tonight address serve yard race.
3196,Involuntary,Summer might develop TV magazine down.
3197,Unk,
3198,Unk,
3199,Unk,
3200,Unk,
3201,Unk,
3202,Involuntary,Oil prepare serious affect.
3203,Voluntary,Subject network inside.
3204,Unk,
3205,Voluntary,Notice strong involve music fact door move.
3206,Unk,
3207,Unk,
3208,Resignation,Own road black catch help agreement.
3209,Unk,
3210,Unk,
3211,Unk,
3212,Resignation,Style now then seven.
3213,Involuntary,Mr everyone identify how pressure way.
3214,Unk,
3215,Unk,
3216,Unk,
3217,Resignation,Summer begin quickly.
3218,Unk,
3219,Unk,
3220,Unk,
3221,Unk,
3222,Unk,
3223,Unk,
3224,Unk,
3225,Retirement,Environmental region affect have it.
3226,Unk,
3227,Involuntary,Hope any environment reflect realize.
3228,Involuntary,Eat unit push read. Weight decide prove defense.
3229,Unk,
3230,Resignation,Condition whole however senior water.
3231,Unk,
3232,Resignation,Write arrive produce since.
3233,Voluntary,Fact order police ability another pretty add.
3234,Unk,
3235,Resignation,Without option agent show term.
3236,Involuntary,Stuff painting partner my.
3237,Unk,
3238,Voluntary,Organization above size discuss office.
3239,Unk,
3240,Voluntary,Kid decision small fire year eat.
3241,Unk,
3242,Resignation,If data from box movement bad service.
3243,Unk,
3244,Unk,
3245,Voluntary,Fly draw gun true deal sure.
3246,Retirement,With picture sport this after.
3247,Resignation,Much already above care than.
3248,Resignation,Approach together husband better.
3249,Unk,
3250,Unk,
3251,Resignation,Any record environment.
3252,Unk,
3253,Involuntary,Star candidate seven television teacher all many.
3254,Voluntary,Save interest factor training.
3255,Unk,
3256,Unk,
3257,Unk,
3258,Unk,
3259,Resignation,Trouble hot lead article guess travel.
3260,Unk,
3261,Involuntary,Cause data speech tough garden body good.
3262,Unk,
3263,Involuntary,Measure question others smile oil.
3264,Involuntary,Attorney control write American.
3265,Unk,
3266,Unk,
3267,Voluntary,Smile wife newspaper attorney dog discuss write.
3268,Unk,
3269,Unk,
3270,Unk,
3271,Involuntary,Talk it thousand score least try sound.
3272,Unk,
3273,Unk,
3274,Retirement,History force myself.
3275,Unk,
3276,Unk,
3277,Retirement,Personal fear indeed rest also.
3278,Retirement,Take nice into true side job.
3279,Involuntary,Market public task none past spend.
3280,Involuntary,Fast light home sign build not.
3281,Unk,
3282,Unk,
3283,Unk,
3284,Resignation,Order protect raise exist by behind dream memory.
3285,Retirement,Know blue difficult let black choice require.
3286,Unk,
3287,Unk,
3288,Unk,
3289,Unk,
3290,Unk,
3291,Unk,
3292,Retirement,Four read some later whether lose system.
3293,Retirement,Toward make herself high red writer week.
3294,Retirement,New begin remember understand.
3295,Unk,
3296,Voluntary,Maybe despite performance rather evidence.
3297,Retirement,Stock true summer together social.
3298,Involuntary,Great unit evidence run.
3299,Unk,
3300,Resignation,Artist message call such.
3301,Retirement,On crime student tough note.
3302,Retirement,Year ever end drive.
3303,Unk,
3304,Unk,
3305,Involuntary,Billion approach middle behind national describe.
3306,Voluntary,Reason common from ready.
3307,Unk,
3308,Unk,
3309,Unk,
3310,Retirement,Course appear wait police car.
3311,Retirement,Ready image offer. According and reveal land.
3312,Unk,
3313,Unk,
3314,Unk,
3315,Involuntary,Director include student.
3316,Retirement,Movement beat thing attorney benefit mention I.
3317,Unk,
3318,Resignation,Make oil new effort begin. Smile work dinner.
3319,Unk,
3320,Unk,
3321,Unk,
3322,Voluntary,Different down happen near impact.
3323,Voluntary,Expect serious occur forward again.
3324,Involuntary,Teach human market real upon.
3325,Involuntary,Few space energy down natural.
3326,Unk,
3327,Unk,
3328,Resignation,Room that ahead sound work short right.
3329,Unk,
3330,Unk,
3331,Voluntary,Hair language song. Account father send talk.
3332,Unk,
3333,Unk,
3334,Unk,
3335,Resignation,Certainly those above eye ball.
3336,Retirement,Take most future.
3337,Unk,
3338,Unk,
3339,Unk,
3340,Unk,
3341,Involuntary,A parent bit rich. Reflect north sometimes card.
3342,Unk,
3343,Retirement,Do onto consumer sign. War instead effect role.
3344,Unk,
3345,Retirement,We give end nation but. Other measure across.
3346,Involuntary,Shoulder build catch commercial.
3347,Resignation,Family defense six believe drug action although.
3348,Unk,
3349,Unk,
3350,Unk,
3351,Involuntary,Black truth campaign player child control firm.
3352,Unk,
3353,Unk,
3354,Retirement,Hundred still nearly stand risk treat.
3355,Resignation,Near fine four help likely. Because wrong nor.
3356,Unk,
3357,Unk,
3358,Voluntary,Style up reality per.
3359,Unk,
3360,Unk,
3361,Voluntary,Situation election visit author five.
3362,Unk,
3363,Unk,
3364,Retirement,Court catch management cold total among.
3365,Unk,
3366,Voluntary,Modern a study speak. Front choose central which.
3367,Retirement,Tell heavy degree no early.
3368,Retirement,These these by when here attorney special.
3369,Resignation,Teacher contain heart continue pay form short.
3370,Unk,
3371,Resignation,Feel pattern require stand.
3372,Involuntary,Try statement audience too material film.
3373,Unk,
3374,Involuntary,Data imagine bill possible want.
3375,Voluntary,Theory majority born with.
3376,Unk,
3377,Resignation,Tough very bad spend feeling college require.
3378,Unk,
3379,Voluntary,American community truth.
3380,Unk,
3381,Unk,
3382,Unk,
3383,Resignation,Foot apply stay treatment local good issue.
3384,Unk,
3385,Unk,
3386,Voluntary,He four soldier employee central term.
3387,Unk,
3388,Unk,
3389,Unk,
3390,Voluntary,North next animal laugh threat no.
3391,Unk,
3392,Voluntary,Keep particular pass understand set.
3393,Unk,
3394,Unk,
3395,Resignation,Without production religious.
3396,Voluntary,That truth loss energy respond whole case stop.
3397,Unk,
3398,Retirement,Foot station left people foot.
3399,Involuntary,Central weight analysis great.
3400,Unk,
3401,Involuntary,Think large why many.
3402,Voluntary,Impact voice participant school baby.
3403,Retirement,According crime none method effort.
3404,Involuntary,Few success street.
3405,Voluntary,Often about size today.
3406,Involuntary,Politics in foreign up start.
3407,Voluntary,Maintain behavior project parent particular game.
3408,Resignation,Ball while speak. Issue free represent city.
3409,Resignation,Century risk machine pay car region.
3410,Unk,
3411,Unk,
3412,Unk,
3413,Unk,
3414,Unk,
3415,Retirement,Lay focus soldier federal short.
3416,Unk,
3417,Unk,
3418,Unk,
3419,Unk,
3420,Voluntary,Reason stock professional clear allow two town.
3421,Retirement,Man the newspaper performance.
3422,Retirement,In forget fast.
3423,Unk,
3424,Involuntary,Smile high bar white spend forget choice near.
3425,Resignation,Fine expect election either turn.
3426,Unk,
